date,title,from,link
2025.05.30 16:33,‘인재 제일’ 의지 다진 이재용…삼성호암상 4년 연속 챙겼다,서울경제,https://n.news.naver.com/mnews/article/011/0004491851
2025.05.30 16:27,삼성 호암상 시상식...이재용 회장 4년 연속 참석,지디넷코리아,https://n.news.naver.com/mnews/article/092/0002376486
2025.05.30 16:30,"[기업] 삼성호암상 시상식 개최...이재용, 4년 연속 참석",YTN,https://n.news.naver.com/mnews/article/052/0002199928
2025.05.30 16:20,'2025 삼성호암상' 시상식 참석한 이재용 회장 [TF사진관],더팩트,https://n.news.naver.com/mnews/article/629/0000394734
2025.05.30 16:30,"코스피, 연중 최고가 돌파 경계감...'급등' 이틀만에 '급락' 마감",조세일보,https://n.news.naver.com/mnews/article/123/0002360273
2025.05.30 16:27,"관세 불확실성에 외국인 이탈... 코스피, 하루 만에 2700선 반납 ...",파이낸셜뉴스,https://n.news.naver.com/mnews/article/014/0005357235
2025.05.30 16:22,노태문 직무대행 '2025 삼성 호암상 시상식' 참석 [TF사진관],더팩트,https://n.news.naver.com/mnews/article/629/0000394737
2025.05.30 16:00,호암상 시상식 참석하는 노태문 삼성전자 DX부문장,뉴시스,https://n.news.naver.com/mnews/article/003/0013277091
2025.05.30 16:22,‘힐스테이트 용인마크밸리’ 선착순 계약,경향신문,https://n.news.naver.com/mnews/article/032/0003373124
2025.05.30 16:18,"[마켓뷰] 연중 신고가 돌파 후 차익 실현 매물 쏟아졌다…코스피, 26...",조선비즈,https://n.news.naver.com/mnews/article/366/0001081656
2025.05.30 16:17,돌아온 외국인 코스피 10개월만에 '사자'…5월 1.1조 순매수,연합뉴스,https://n.news.naver.com/mnews/article/001/0015422807
2025.05.30 16:15,"자율주행 전기차, 무선으로 알아서 충전…규제 샌드박스 66개 승인",머니투데이,https://n.news.naver.com/mnews/article/008/0005201676
2025.05.30 15:49,"자율주행 전기차, 무선으로 '자동 충전' 가능해진다",국제신문,https://n.news.naver.com/mnews/article/658/0000108790
2025.05.30 16:14,[증시인사이트] 뉴욕증시 일제히 상승 마감…S&P500 0.4%↑,SBS Biz,https://n.news.naver.com/mnews/article/374/0000443544
2025.05.30 16:12,"코스피, 美 관세 복원에 사흘 만에 반락 2,700대 후퇴(종합)",연합뉴스,https://n.news.naver.com/mnews/article/001/0015422791
2025.05.30 16:11,"코스피, '돌아온 관세'에 2690선 하락 마감… 환율 1380원대 상...",머니S,https://n.news.naver.com/mnews/article/417/0001080400
2025.05.30 16:11,호암상 시상식 참석하는 백수현 삼성전자 DX부문 커뮤니케이션팀장 사.....,뉴시스,https://n.news.naver.com/mnews/article/003/0013277146
2025.05.30 16:10,"""수많은 학자 업적에서 나온 결과"" 2025 삼성호암상 6명 시상식",중앙일보,https://n.news.naver.com/mnews/article/025/0003444830
2025.05.30 16:10,4년 연속 호암상 시상식 찾은 이재용… “삼성 ‘사업보국’ 철학 잇....,조선비즈,https://n.news.naver.com/mnews/article/366/0001081651
2025.05.30 16:10,"코스피, 외인 매도에 2700선 내줘···환율은 1380원대 올라서",더팩트,https://n.news.naver.com/mnews/article/629/0000394725
2025.05.30 16:05,"삼성·LG, AI 데이터센터 공조 시장 경쟁 본격화… “관건은 액체 냉...",조선비즈,https://n.news.naver.com/mnews/article/366/0001081644
2025.05.30 16:04,삼성호암상 시상식 참석하는 백수현 삼성전자 사장,뉴스1,https://n.news.naver.com/mnews/article/421/0008285784
2025.05.30 16:01,코스피 사흘 만에 하락 전환…2700선 반납[시황종합],뉴스1,https://n.news.naver.com/mnews/article/421/0008285775
2025.05.30 15:57,"2700선 못지킨 코스피, 0.84% 하락 마감",아시아경제,https://n.news.naver.com/mnews/article/277/0005601171
2025.05.30 15:52,금리·절세에 환차익까지 美채권 은근히 짭짤하네,매일경제,https://n.news.naver.com/mnews/article/009/0005501449
2025.05.30 15:49,"코스피, 외인·기관 동반 매도에 0.84%↓…2700선 내줘[마감시황]",뉴시스,https://n.news.naver.com/mnews/article/003/0013277057
2025.05.30 15:45,"코스피, '관세 복원'에 0.8% 하락…코스닥도 약세[마감]",이데일리,https://n.news.naver.com/mnews/article/018/0006027320
2025.05.30 15:40,"코스피, 외국인 매도에 하루만에 2700선 내줘…한화에어로 5%↓",한국경제,https://n.news.naver.com/mnews/article/015/0005138879
2025.05.30 15:33,자유로운 의견 개진 중요성 강조한 삼성전자 CDO 글 주목,아이뉴스24,https://n.news.naver.com/mnews/article/031/0000936768
2025.05.30 15:32,"프레스티지바이오, 박소연 '시총 30조' 밸류체인 문 열었다",머니S,https://n.news.naver.com/mnews/article/417/0001080380
2025.05.30 15:15,"코스피, 외국인 매도세에 2700선 아래로 [fn오후시황]",파이낸셜뉴스,https://n.news.naver.com/mnews/article/014/0005357198
2025.05.30 15:11,"외국인 10개월만 2조 순매수…""상승 모멘텀ㆍ관세 리스크 ‘공존’""",이데일리,https://n.news.naver.com/mnews/article/018/0006027306
2025.05.30 15:10,"삼성전자, HBM3E 12H 핵심 관문 통과 '추격'…SK하이닉스, H...",디지털데일리,https://n.news.naver.com/mnews/article/138/0002197694
2025.05.30 14:33,"TSMC 손 잡은 SK하이닉스, HBM4 로직 다이 비용 압박↑",지디넷코리아,https://n.news.naver.com/mnews/article/092/0002376453
2025.05.30 15:07,재건축 대어 '압구정2' 놓고 삼성·현대 수주전…금융 지원도 경쟁(종....,뉴스1,https://n.news.naver.com/mnews/article/421/0008285577
2025.05.30 13:17,'대어' 압구정2 놓고 삼성 vs 현대 재격돌…수주전 본격화(종합),연합뉴스,https://n.news.naver.com/mnews/article/001/0015422168
2025.05.30 15:05,옛 남산힐튼-서울역 인근 개발 사업 탄력···‘이오타 서울’ 대형기.....,매일경제,https://n.news.naver.com/mnews/article/009/0005501409
2025.05.30 14:59,"김문수, 'MS노믹스' 발표…""일자리 중심 성장·복지"" [대선 2025...",SBS Biz,https://n.news.naver.com/mnews/article/374/0000443530
2025.05.30 14:49,[주식 초고수는 지금]'100조 클럽' HD현대 순매수 1위,서울경제,https://n.news.naver.com/mnews/article/011/0004491789
2025.05.30 14:29,"삼성, 역성장 중남미 스마트폰 시장서도 1위 수성",조선비즈,https://n.news.naver.com/mnews/article/366/0001081584
2025.05.30 08:41,"삼성폰, 남미 시장 역성장에도 1위 사수…""고가폰 입지 강화""",뉴스1,https://n.news.naver.com/mnews/article/421/0008284329
2025.05.30 14:17,관세 충격 피한 북미 TV 시장…삼성·LG 일단 안도,이데일리,https://n.news.naver.com/mnews/article/018/0006027261
2025.05.30 14:14,[백종민의 딥테크]삼성이 포기한 서버로 富일군 대만,아시아경제,https://n.news.naver.com/mnews/article/277/0005601095
2025.05.30 14:07,삼성 스마트워치 1분기 출하량 전년比 74%↑… 저가·고가 제품 ‘투 ...,조선비즈,https://n.news.naver.com/mnews/article/366/0001081566
2025.05.30 13:56,"코스피, 외인 매도에 1%대 하락…코스닥도 재차 약세",이데일리,https://n.news.naver.com/mnews/article/018/0006027248
2025.05.30 12:59,창업·스타트업 지원 공약…지식산업센터 호재될까,매일경제,https://n.news.naver.com/mnews/article/009/0005501332
2025.05.30 12:59,‘국제학교 품은 학세권’ ‘평택 고덕 A48블록 금성백조 예미지’에.....,서울경제,https://n.news.naver.com/mnews/article/011/0004491737
2025.05.30 12:08,"""월급이 의느님 2배""...'삼성 고시'에 베트남 전국 수재들 다 모였...",파이낸셜뉴스,https://n.news.naver.com/mnews/article/014/0005357090
2025.05.30 11:52,"코스피 5000, 아주 불가능한 건 아니다? 대통령 누가돼도 우상향이라...",YTN,https://n.news.naver.com/mnews/article/052/0002199787
2025.05.30 11:45,"""어린이 2명 중 1명, 보행 중 스마트폰 사용한다""",파이낸셜뉴스,https://n.news.naver.com/mnews/article/014/0005357082
2025.05.30 10:12,"삼성화재, 아이들 보행 중 폰 사용 줄였다…전용 앱까지 출시",매일경제,https://n.news.naver.com/mnews/article/009/0005501195
2025.05.30 11:43,증권사 CMA 금리도 '인하 바람'…신용융자는 요지부동?,SBS Biz,https://n.news.naver.com/mnews/article/374/0000443481
2025.05.30 11:41,"하반기 위기극복 해법은?...재계, 내달 전략회의 '소집'",데일리안,https://n.news.naver.com/mnews/article/119/0002963089
2025.05.30 11:40,단기급등 부담?…코스피 사흘만에 하락,SBS Biz,https://n.news.naver.com/mnews/article/374/0000443478
2025.05.30 11:36,"코스피, 외국인 매도에 낙폭 커지지만…삼성전자는 강세",한국경제,https://n.news.naver.com/mnews/article/015/0005138781
2025.05.30 11:34,"TSMC ""1.4나노, 돌파구 찾아""…차세대 EUV 전략 갈렸다",뉴시스,https://n.news.naver.com/mnews/article/003/0013276369
2025.05.30 11:28,"코스피, 사흘만에 내림 전환... 외인·기관 동반매도 [fn오전시황]",파이낸셜뉴스,https://n.news.naver.com/mnews/article/014/0005357069
2025.05.30 11:28,“지금까지 본 OLED TV 중 최고”…글로벌 IT 매체가 극찬한 ‘이...,매일경제,https://n.news.naver.com/mnews/article/009/0005501289
2025.05.30 11:28,"현대百, 1년 만에 금감원 주채무계열 재편입… “차입 줄었지만 한도.....",동아일보,https://n.news.naver.com/mnews/article/020/0003638414
2025.05.30 08:41,“차입금 줄었는데” 현대백화점그룹이 주채무계열에 다시 편입된 까...,데일리안,https://n.news.naver.com/mnews/article/119/0002962905
2025.05.30 11:25,"코스피, 장중 하락세 지속 2,700대 공방…코스닥 보합권",연합뉴스,https://n.news.naver.com/mnews/article/001/0015421844
2025.05.30 11:23,5월 D램 가격 27% 급등…“관세 유예기간 재고 확보 영향”,동아일보,https://n.news.naver.com/mnews/article/020/0003638412
2025.05.30 10:48,범용 D램 5월 고정가 27.3% 급등…2017년 이후 8년만 최고치,뉴스1,https://n.news.naver.com/mnews/article/421/0008284804
2025.05.30 11:08,"""아이폰 350만원 될 판"" 폭탄 전망…삼성도 예외 아니다",한국경제,https://n.news.naver.com/mnews/article/015/0005138765
2025.05.30 11:04,바이오서 삼성 첫 지주사…지배구조 개편 시계 ‘째깍’ [카드뉴스],매경이코노미,https://n.news.naver.com/mnews/article/024/0000097496
2025.05.30 11:02,무선청소기 3대장 삼성·LG·다이슨 신제품 동시 출격…무슨 차이?,뉴시스,https://n.news.naver.com/mnews/article/003/0013276216
2025.05.30 10:49,대선 이후 '큰 것' 온다…서울 핵심 재건축 수주 별들의 전쟁,더팩트,https://n.news.naver.com/mnews/article/629/0000394571
2025.05.30 10:26,"삼성중공업, 4%대 강세…""하반기 수주 호조 전망""[줍줍리포트]",서울경제,https://n.news.naver.com/mnews/article/011/0004491674
2025.05.30 10:22,[시황] 관세정책 효력 하루 만에 부활…코스피 2710선 약보합 출발,데일리안,https://n.news.naver.com/mnews/article/119/0002963014
2025.05.30 10:20,용인 반도체 개발 수혜 1번지 ‘클러스터용인 경남아너스빌’ 6월 분.....,아시아경제,https://n.news.naver.com/mnews/article/277/0005600939
2025.05.30 10:17,"코스피, 2715.09 약보합… 한화에어로 4.4% 하락",머니S,https://n.news.naver.com/mnews/article/417/0001080261
2025.05.30 10:06,"코스피, 사흘 만에 하락…단기 급등 부담 쌓였나 [투자360]",헤럴드경제,https://n.news.naver.com/mnews/article/016/0002478670
2025.05.30 10:03,"코스피, 트럼프 관세 정책 복원 여파에 하락 출발…차익 실현 매물도....",이코노미스트,https://n.news.naver.com/mnews/article/243/0000078829
2025.05.30 10:05,"[특징주]""폭발적 수주 모멘텀"" 전망에…삼성중공업, 2%대 오름세",아시아경제,https://n.news.naver.com/mnews/article/277/0005600922
2025.05.30 09:40,"[특징주] 삼성중공업, 실적성장·삼전 매각 가능성 부각에 3%대 강세",조선비즈,https://n.news.naver.com/mnews/article/366/0001081463
2025.05.30 10:04,"코스피, 외인 기관 동반매도에 약세…개인 저가 매수세",머니투데이,https://n.news.naver.com/mnews/article/008/0005201487
2025.05.30 09:55,"삼성운용, 中 휴머노이드로봇 ETF 상장 13일만에 순자산 500억 돌...",머니투데이,https://n.news.naver.com/mnews/article/008/0005201478
2025.05.30 09:51,"삼성중공업, 증권가 호실적 전망에 52주 신고가[핫종목]",뉴스1,https://n.news.naver.com/mnews/article/421/0008284569
2025.05.30 09:49,"[6G로드①] AI·위성망 품은 6G, 나아갈 방향은?",디지털데일리,https://n.news.naver.com/mnews/article/138/0002197654
2025.05.30 09:48,"숨 고르는 코스피, 단기 급등에 2710선 하락 출발···환율은 137...",더팩트,https://n.news.naver.com/mnews/article/629/0000394527
2025.05.30 09:44,"'구글 대항마' 퍼플렉시티, 기업 고객 겨냥 新무기 공개…수익 끌어올....",지디넷코리아,https://n.news.naver.com/mnews/article/092/0002376380
2025.05.30 09:40,"""곧 따라잡히겠네""…중국 무서운 추격에 삼성·LG '초비상'",한국경제,https://n.news.naver.com/mnews/article/015/0005138694
2025.05.30 09:34,올 1분기 가장 잘 팔린 스마트폰 '아이폰 16'…삼성 갤S25는?,뉴시스,https://n.news.naver.com/mnews/article/003/0013275905
2025.05.30 08:15,"애플 아이폰 16, 1Q 스마트폰 판매 1위…삼성 갤럭시 S25는?",데일리안,https://n.news.naver.com/mnews/article/119/0002962895
2025.05.30 09:29,'국가AI컴퓨팅센터' 신청마감일까지 업계고심…유찰 가능성도,뉴스1,https://n.news.naver.com/mnews/article/421/0008284477
2025.05.30 09:28,"외인·기관 동반매도에…코스피, 2710선 출발 [개장시황]",뉴스1,https://n.news.naver.com/mnews/article/421/0008284472
2025.05.30 09:27,엔비디아 상승세 못 따라간 SK하이닉스…'21만닉스' 반납[핫종목],뉴스1,https://n.news.naver.com/mnews/article/421/0008284466
2025.05.30 09:22,약보합 출발 코스피…2700선 지키나,아시아경제,https://n.news.naver.com/mnews/article/277/0005600835
2025.05.30 09:18,코스피·코스닥 동반 하락 출발…'트럼프 관세' 불확실성에 발목,이데일리,https://n.news.naver.com/mnews/article/018/0006027024
2025.05.30 09:17,"미 관세 불확실성 재부상…코스피, 2700선 위에서 '숨고르기'",한국경제,https://n.news.naver.com/mnews/article/015/0005138655
2025.05.30 09:07,"코스피, 단기 급등에 숨 고르기… 2710선 하락 출발",조선비즈,https://n.news.naver.com/mnews/article/366/0001081445
2025.05.30 09:02,"SKT, 40년 1등 자신감 내려놓고 신뢰 회복에 힘써야",신동아,https://n.news.naver.com/mnews/article/262/0000018409
2025.05.30 09:00,1인 가구 위한 코리빙 '홈즈 안암' 오픈…모건 스탠리가 지원사격,머니투데이,https://n.news.naver.com/mnews/article/008/0005201440
2025.05.30 09:00,"[삼성 바이오 개편]에피스, 독자경영 위한 재무기반 다졌다",비즈워치,https://n.news.naver.com/mnews/article/648/0000036626
2025.05.30 08:56,"DS證 ""삼성중공업, 하반기 수주 모멘텀 폭발적…목표가↑""",뉴시스,https://n.news.naver.com/mnews/article/003/0013275758
2025.05.30 08:51,"DS證 ""삼성중공업, 실적 성장·삼성전자 지분 매각 가능성…목표가 2...",뉴스1,https://n.news.naver.com/mnews/article/421/0008284357
2025.05.30 08:51,"""삼성중공업, 목표가 20% 상향…하반기 수주 모멘텀 폭발""[이런국장 ...",서울경제,https://n.news.naver.com/mnews/article/011/0004491613
2025.05.30 08:30,"DS투자 ""삼성중공업, 하반기 수주 모멘텀 폭발…목표가↑""",연합뉴스,https://n.news.naver.com/mnews/article/001/0015421258
2025.05.30 08:47,“가계 이자부담 12조 원 덜었지만”… 은행 부실대출 9조 원 폭증 ‘...,서울경제,https://n.news.naver.com/mnews/article/011/0004491608
2025.05.30 08:31,"""삼성 차세대 D램 수율 개선"" 전영현 ‘설계변경 초강수’ 빛났다…""....",서울경제,https://n.news.naver.com/mnews/article/011/0004491601
2025.05.30 08:13,삼성 차세대 D램 수율 개선…HBM 경쟁력 회복 기대,서울경제,https://n.news.naver.com/mnews/article/011/0004491594
2025.05.30 07:54,"OS 명칭에 연도 붙이는 애플, 아이폰은?[모닝폰]",이데일리,https://n.news.naver.com/mnews/article/018/0006026933
2025.05.30 07:53,[애프터마켓 리뷰] 신고가 속출…이재명 '5000피' 강조에 신난 증권...,SBS Biz,https://n.news.naver.com/mnews/article/374/0000443422
2025.05.30 07:44,"“이대 앞 건물 사 10배” 전원주, 주식으로만 30억 수익에 ‘이 종...",헤럴드경제,https://n.news.naver.com/mnews/article/016/0002478532
2025.05.30 07:39,[비즈&플러스] 위상 높아진 K방산‥'마덱스' 역대 최대 규모,MBC,https://n.news.naver.com/mnews/article/214/0001427296
2025.05.30 07:02,"[유미's 픽] ""어차피 삼성이 주인공?""…국가AI컴퓨팅센터 신청 '디...",지디넷코리아,https://n.news.naver.com/mnews/article/092/0002376346
2025.05.30 06:52,"김동선과 신유열, 왜 아이스크림 가게에서 만났나",한경비즈니스,https://n.news.naver.com/mnews/article/050/0000091531
2025.05.30 06:50,[반도체 소부장의 시간]고군분투 빛났지만 아직 갈 길 먼 '소재',비즈워치,https://n.news.naver.com/mnews/article/648/0000036621
2025.05.30 06:20,"""대통령이 직접 챙긴다""…연이은 수주에 K-방산株 랠리[대선 투자 나침...",뉴스1,https://n.news.naver.com/mnews/article/421/0008284166
2025.05.30 06:11,"삼성·SK, 신형 D램·HBM에 집중…구형 메모리칩 가격 오른다",머니투데이,https://n.news.naver.com/mnews/article/008/0005201400
2025.05.30 06:03,"시장 초기에 압도적 제품 출시… 삼성, ‘폼팩터 선점’ 전략 확대",세계일보,https://n.news.naver.com/mnews/article/022/0004039600
2025.05.30 06:01,"이달 SK하이닉스 1.5兆 산 외국인, 삼성전자는 1.3兆 팔았다 [줍...",서울경제,https://n.news.naver.com/mnews/article/011/0004491548
2025.05.30 05:03,"엔비디아 훈풍에 반도체주 오름세…""하반기 품목 관세 이슈로 상승 제.....",데일리안,https://n.news.naver.com/mnews/article/119/0002962860
2025.05.30 05:00,'플립7'에 삼성 칩셋...퀄컴 의존도 낮춘다,머니투데이,https://n.news.naver.com/mnews/article/008/0005201368
2025.05.30 00:34,"삼성도, 애플도 만든다… AI 로봇에 꽂힌 스마트폰 업체들",조선일보,https://n.news.naver.com/mnews/article/023/0003908208
2025.05.30 00:33,“반갑다 외국인”… 10개월 만에 순매수,조선일보,https://n.news.naver.com/mnews/article/023/0003908193
2025.05.30 13:17,'대어' 압구정2 놓고 삼성 vs 현대 재격돌…수주전 본격화(종합),연합뉴스,https://n.news.naver.com/mnews/article/001/0015422168
2025.05.30 12:59,‘국제학교 품은 학세권’ ‘평택 고덕 A48블록 금성백조 예미지’에.....,서울경제,https://n.news.naver.com/mnews/article/011/0004491737
2025.05.30 12:59,창업·스타트업 지원 공약…지식산업센터 호재될까,매일경제,https://n.news.naver.com/mnews/article/009/0005501332
2025.05.30 12:08,"""월급이 의느님 2배""...'삼성 고시'에 베트남 전국 수재들 다 모였...",파이낸셜뉴스,https://n.news.naver.com/mnews/article/014/0005357090
2025.05.30 11:52,"코스피 5000, 아주 불가능한 건 아니다? 대통령 누가돼도 우상향이라...",YTN,https://n.news.naver.com/mnews/article/052/0002199787
2025.05.30 11:45,"""어린이 2명 중 1명, 보행 중 스마트폰 사용한다""",파이낸셜뉴스,https://n.news.naver.com/mnews/article/014/0005357082
2025.05.30 10:12,"삼성화재, 아이들 보행 중 폰 사용 줄였다…전용 앱까지 출시",매일경제,https://n.news.naver.com/mnews/article/009/0005501195
2025.05.30 11:43,증권사 CMA 금리도 '인하 바람'…신용융자는 요지부동?,SBS Biz,https://n.news.naver.com/mnews/article/374/0000443481
2025.05.30 11:41,"하반기 위기극복 해법은?...재계, 내달 전략회의 '소집'",데일리안,https://n.news.naver.com/mnews/article/119/0002963089
2025.05.30 11:40,단기급등 부담?…코스피 사흘만에 하락,SBS Biz,https://n.news.naver.com/mnews/article/374/0000443478
2025.05.30 11:36,"코스피, 외국인 매도에 낙폭 커지지만…삼성전자는 강세",한국경제,https://n.news.naver.com/mnews/article/015/0005138781
2025.05.30 11:34,"TSMC ""1.4나노, 돌파구 찾아""…차세대 EUV 전략 갈렸다",뉴시스,https://n.news.naver.com/mnews/article/003/0013276369
2025.05.30 11:28,"코스피, 사흘만에 내림 전환... 외인·기관 동반매도 [fn오전시황]",파이낸셜뉴스,https://n.news.naver.com/mnews/article/014/0005357069
2025.05.30 11:28,“지금까지 본 OLED TV 중 최고”…글로벌 IT 매체가 극찬한 ‘이...,매일경제,https://n.news.naver.com/mnews/article/009/0005501289
2025.05.30 11:28,"현대百, 1년 만에 금감원 주채무계열 재편입… “차입 줄었지만 한도.....",동아일보,https://n.news.naver.com/mnews/article/020/0003638414
2025.05.30 08:41,“차입금 줄었는데” 현대백화점그룹이 주채무계열에 다시 편입된 까...,데일리안,https://n.news.naver.com/mnews/article/119/0002962905
2025.05.30 11:25,"코스피, 장중 하락세 지속 2,700대 공방…코스닥 보합권",연합뉴스,https://n.news.naver.com/mnews/article/001/0015421844
2025.05.30 11:23,5월 D램 가격 27% 급등…“관세 유예기간 재고 확보 영향”,동아일보,https://n.news.naver.com/mnews/article/020/0003638412
2025.05.30 10:48,범용 D램 5월 고정가 27.3% 급등…2017년 이후 8년만 최고치,뉴스1,https://n.news.naver.com/mnews/article/421/0008284804
2025.05.30 11:08,"""아이폰 350만원 될 판"" 폭탄 전망…삼성도 예외 아니다",한국경제,https://n.news.naver.com/mnews/article/015/0005138765
2025.05.30 11:04,바이오서 삼성 첫 지주사…지배구조 개편 시계 ‘째깍’ [카드뉴스],매경이코노미,https://n.news.naver.com/mnews/article/024/0000097496
2025.05.30 11:02,무선청소기 3대장 삼성·LG·다이슨 신제품 동시 출격…무슨 차이?,뉴시스,https://n.news.naver.com/mnews/article/003/0013276216
2025.05.30 10:49,대선 이후 '큰 것' 온다…서울 핵심 재건축 수주 별들의 전쟁,더팩트,https://n.news.naver.com/mnews/article/629/0000394571
2025.05.30 10:48,범용 D램 5월 고정가 27.3% 급등…2017년 이후 8년만 최고치,뉴스1,https://n.news.naver.com/mnews/article/421/0008284804
2025.05.30 10:36,"D램 고정價, 2개월 연속 20% 이상 '급등'…""관세 유예기간 비축...",서울경제,https://n.news.naver.com/mnews/article/011/0004491683
2025.05.30 10:26,"삼성중공업, 4%대 강세…""하반기 수주 호조 전망""[줍줍리포트]",서울경제,https://n.news.naver.com/mnews/article/011/0004491674
2025.05.30 10:22,[시황] 관세정책 효력 하루 만에 부활…코스피 2710선 약보합 출발,데일리안,https://n.news.naver.com/mnews/article/119/0002963014
2025.05.30 10:20,용인 반도체 개발 수혜 1번지 ‘클러스터용인 경남아너스빌’ 6월 분.....,아시아경제,https://n.news.naver.com/mnews/article/277/0005600939
2025.05.30 10:17,"코스피, 2715.09 약보합… 한화에어로 4.4% 하락",머니S,https://n.news.naver.com/mnews/article/417/0001080261
2025.05.30 10:12,"삼성화재, 아이들 보행 중 폰 사용 줄였다…전용 앱까지 출시",매일경제,https://n.news.naver.com/mnews/article/009/0005501195
2025.05.30 10:09,어린이 2명 중 1명은 ‘스몸비’…경고알람으로 사고 예방,이데일리,https://n.news.naver.com/mnews/article/018/0006027103
2025.05.30 10:06,"코스피, 사흘 만에 하락…단기 급등 부담 쌓였나 [투자360]",헤럴드경제,https://n.news.naver.com/mnews/article/016/0002478670
2025.05.30 10:03,"코스피, 트럼프 관세 정책 복원 여파에 하락 출발…차익 실현 매물도....",이코노미스트,https://n.news.naver.com/mnews/article/243/0000078829
2025.05.30 10:05,"[특징주]""폭발적 수주 모멘텀"" 전망에…삼성중공업, 2%대 오름세",아시아경제,https://n.news.naver.com/mnews/article/277/0005600922
2025.05.30 09:40,"[특징주] 삼성중공업, 실적성장·삼전 매각 가능성 부각에 3%대 강세",조선비즈,https://n.news.naver.com/mnews/article/366/0001081463
2025.05.30 10:04,"코스피, 외인 기관 동반매도에 약세…개인 저가 매수세",머니투데이,https://n.news.naver.com/mnews/article/008/0005201487
2025.05.30 09:55,"삼성운용, 中 휴머노이드로봇 ETF 상장 13일만에 순자산 500억 돌...",머니투데이,https://n.news.naver.com/mnews/article/008/0005201478
2025.05.30 10:04,"코스피, 외인 기관 동반매도에 약세…개인 저가 매수세",머니투데이,https://n.news.naver.com/mnews/article/008/0005201487
2025.05.30 10:03,"코스피, 트럼프 관세 정책 복원 여파에 하락 출발…차익 실현 매물도.....",이코노미스트,https://n.news.naver.com/mnews/article/243/0000078829
2025.05.30 09:32,"코스피, 사흘 만에 반락 2,700대 후퇴…코스닥도 내려(종합)",연합뉴스,https://n.news.naver.com/mnews/article/001/0015421449
2025.05.30 09:55,"삼성운용, 中 휴머노이드로봇 ETF 상장 13일만에 순자산 500억 돌...",머니투데이,https://n.news.naver.com/mnews/article/008/0005201478
2025.05.30 09:51,"삼성중공업, 증권가 호실적 전망에 52주 신고가[핫종목]",뉴스1,https://n.news.naver.com/mnews/article/421/0008284569
2025.05.30 09:50,"삼성화재, 어린이 스마트폰 사용 자제로 '안전보행' 입증",블로터,https://n.news.naver.com/mnews/article/293/0000068012
2025.05.30 09:49,"어린이 절반은 보행중 스마트폰 사용…삼성화재, '보행안전 캠페인 결....",전자신문,https://n.news.naver.com/mnews/article/030/0003317509
2025.05.30 09:49,"[6G로드①] AI·위성망 품은 6G, 나아갈 방향은?",디지털데일리,https://n.news.naver.com/mnews/article/138/0002197654
2025.05.30 09:48,"숨 고르는 코스피, 단기 급등에 2710선 하락 출발···환율은 137...",더팩트,https://n.news.naver.com/mnews/article/629/0000394527
2025.05.30 09:44,"'구글 대항마' 퍼플렉시티, 기업 고객 겨냥 新무기 공개…수익 끌어올....",지디넷코리아,https://n.news.naver.com/mnews/article/092/0002376380
2025.05.30 09:40,"""곧 따라잡히겠네""…중국 무서운 추격에 삼성·LG '초비상'",한국경제,https://n.news.naver.com/mnews/article/015/0005138694
2025.05.30 09:40,"[특징주] 삼성중공업, 실적성장·삼전 매각 가능성 부각에 3%대 강세",조선비즈,https://n.news.naver.com/mnews/article/366/0001081463
2025.05.30 09:39,"[특징주] 삼성중공업, 3%대 오름세…장중 52주 최고가",데일리안,https://n.news.naver.com/mnews/article/119/0002962966
2025.05.30 09:40,"[특징주] 삼성중공업, 실적성장·삼전 매각 가능성 부각에 3%대 강세",조선비즈,https://n.news.naver.com/mnews/article/366/0001081463
2025.05.30 09:39,"[특징주] 삼성중공업, 3%대 오름세…장중 52주 최고가",데일리안,https://n.news.naver.com/mnews/article/119/0002962966
2025.05.30 09:34,올 1분기 가장 잘 팔린 스마트폰 '아이폰 16'…삼성 갤S25는?,뉴시스,https://n.news.naver.com/mnews/article/003/0013275905
2025.05.30 08:15,"애플 아이폰 16, 1Q 스마트폰 판매 1위…삼성 갤럭시 S25는?",데일리안,https://n.news.naver.com/mnews/article/119/0002962895
2025.05.30 09:32,"코스피, 사흘 만에 반락 2,700대 후퇴…코스닥도 내려(종합)",연합뉴스,https://n.news.naver.com/mnews/article/001/0015421449
2025.05.30 09:29,'국가AI컴퓨팅센터' 신청마감일까지 업계고심…유찰 가능성도,뉴스1,https://n.news.naver.com/mnews/article/421/0008284477
2025.05.30 09:28,"외인·기관 동반매도에…코스피, 2710선 출발 [개장시황]",뉴스1,https://n.news.naver.com/mnews/article/421/0008284472
2025.05.30 09:27,엔비디아 상승세 못 따라간 SK하이닉스…'21만닉스' 반납[핫종목],뉴스1,https://n.news.naver.com/mnews/article/421/0008284466
2025.05.30 09:22,약보합 출발 코스피…2700선 지키나,아시아경제,https://n.news.naver.com/mnews/article/277/0005600835
2025.05.30 09:18,코스피·코스닥 동반 하락 출발…'트럼프 관세' 불확실성에 발목,이데일리,https://n.news.naver.com/mnews/article/018/0006027024
2025.05.30 09:17,"미 관세 불확실성 재부상…코스피, 2700선 위에서 '숨고르기'",한국경제,https://n.news.naver.com/mnews/article/015/0005138655
2025.05.30 09:07,"코스피, 단기 급등에 숨 고르기… 2710선 하락 출발",조선비즈,https://n.news.naver.com/mnews/article/366/0001081445
2025.05.30 09:17,"미 관세 불확실성 재부상…코스피, 2700선 위에서 '숨고르기'",한국경제,https://n.news.naver.com/mnews/article/015/0005138655
2025.05.30 09:07,"코스피, 단기 급등에 숨 고르기… 2710선 하락 출발",조선비즈,https://n.news.naver.com/mnews/article/366/0001081445
2025.05.30 09:02,"SKT, 40년 1등 자신감 내려놓고 신뢰 회복에 힘써야",신동아,https://n.news.naver.com/mnews/article/262/0000018409
2025.05.30 09:02,"현대건설, ’힐스테이트 용인마크밸리’ 선착순 계약 진행",조선비즈,https://n.news.naver.com/mnews/article/366/0001081444
2025.05.30 09:00,1인 가구 위한 코리빙 '홈즈 안암' 오픈…모건 스탠리가 지원사격,머니투데이,https://n.news.naver.com/mnews/article/008/0005201440
2025.05.30 09:00,"[삼성 바이오 개편]에피스, 독자경영 위한 재무기반 다졌다",비즈워치,https://n.news.naver.com/mnews/article/648/0000036626
2025.05.30 08:56,"DS證 ""삼성중공업, 하반기 수주 모멘텀 폭발적…목표가↑""",뉴시스,https://n.news.naver.com/mnews/article/003/0013275758
2025.05.30 08:51,"DS證 ""삼성중공업, 실적 성장·삼성전자 지분 매각 가능성…목표가 2...",뉴스1,https://n.news.naver.com/mnews/article/421/0008284357
2025.05.30 08:51,"""삼성중공업, 목표가 20% 상향…하반기 수주 모멘텀 폭발""[이런국장 ...",서울경제,https://n.news.naver.com/mnews/article/011/0004491613
2025.05.30 08:30,"DS투자 ""삼성중공업, 하반기 수주 모멘텀 폭발…목표가↑""",연합뉴스,https://n.news.naver.com/mnews/article/001/0015421258
2025.05.30 08:50,"삼성화재 ""어린이 2명 중 1명은 보행 중 스마트폰 사용""",데일리안,https://n.news.naver.com/mnews/article/119/0002962910
2025.05.30 08:47,“가계 이자부담 12조 원 덜었지만”… 은행 부실대출 9조 원 폭증 ‘...,서울경제,https://n.news.naver.com/mnews/article/011/0004491608
2025.05.30 08:47,“가계 이자부담 12조 원 덜었지만”… 은행 부실대출 9조 원 폭증 ‘...,서울경제,https://n.news.naver.com/mnews/article/011/0004491608
2025.05.30 08:41,“차입금 줄었는데” 현대백화점그룹이 주채무계열에 다시 편입된 까...,데일리안,https://n.news.naver.com/mnews/article/119/0002962905
2025.05.30 08:41,"삼성폰, 남미 시장 역성장에도 1위 사수…""고가폰 입지 강화""",뉴스1,https://n.news.naver.com/mnews/article/421/0008284329
2025.05.30 08:35,"삼성중공업 ""하반기 수주 모멘텀 주목…목표가 ↑ ""-DS",머니투데이,https://n.news.naver.com/mnews/article/008/0005201420
2025.05.30 08:17,"""삼성중공업, 삼전 지분 매각 가능성…어디로 되든 긍정적""-DS",한국경제,https://n.news.naver.com/mnews/article/015/0005138608
2025.05.30 08:31,"""삼성 차세대 D램 수율 개선"" 전영현 ‘설계변경 초강수’ 빛났다…""....",서울경제,https://n.news.naver.com/mnews/article/011/0004491601
2025.05.30 08:30,"DS투자 ""삼성중공업, 하반기 수주 모멘텀 폭발…목표가↑""",연합뉴스,https://n.news.naver.com/mnews/article/001/0015421258
2025.05.30 08:15,"애플 아이폰 16, 1Q 스마트폰 판매 1위…삼성 갤럭시 S25는?",데일리안,https://n.news.naver.com/mnews/article/119/0002962895
2025.05.30 08:13,삼성 차세대 D램 수율 개선…HBM 경쟁력 회복 기대,서울경제,https://n.news.naver.com/mnews/article/011/0004491594
2025.05.30 07:54,"OS 명칭에 연도 붙이는 애플, 아이폰은?[모닝폰]",이데일리,https://n.news.naver.com/mnews/article/018/0006026933
2025.05.30 07:53,[애프터마켓 리뷰] 신고가 속출…이재명 '5000피' 강조에 신난 증권...,SBS Biz,https://n.news.naver.com/mnews/article/374/0000443422
2025.05.30 07:53,[애프터마켓 리뷰] 신고가 속출…이재명 '5000피' 강조에 신난 증권...,SBS Biz,https://n.news.naver.com/mnews/article/374/0000443422
2025.05.30 07:44,"“이대 앞 건물 사 10배” 전원주, 주식으로만 30억 수익에 ‘이 종...",헤럴드경제,https://n.news.naver.com/mnews/article/016/0002478532
2025.05.30 07:39,[비즈&플러스] 위상 높아진 K방산‥'마덱스' 역대 최대 규모,MBC,https://n.news.naver.com/mnews/article/214/0001427296
2025.05.30 07:02,"[유미's 픽] ""어차피 삼성이 주인공?""…국가AI컴퓨팅센터 신청 '디...",지디넷코리아,https://n.news.naver.com/mnews/article/092/0002376346
2025.05.30 06:52,"김동선과 신유열, 왜 아이스크림 가게에서 만났나",한경비즈니스,https://n.news.naver.com/mnews/article/050/0000091531
2025.05.30 06:50,[반도체 소부장의 시간]고군분투 빛났지만 아직 갈 길 먼 '소재',비즈워치,https://n.news.naver.com/mnews/article/648/0000036621
2025.05.30 06:20,"""대통령이 직접 챙긴다""…연이은 수주에 K-방산株 랠리[대선 투자 나침...",뉴스1,https://n.news.naver.com/mnews/article/421/0008284166
2025.05.30 06:11,"삼성·SK, 신형 D램·HBM에 집중…구형 메모리칩 가격 오른다",머니투데이,https://n.news.naver.com/mnews/article/008/0005201400
2025.05.30 06:03,"시장 초기에 압도적 제품 출시… 삼성, ‘폼팩터 선점’ 전략 확대",세계일보,https://n.news.naver.com/mnews/article/022/0004039600
2025.05.30 06:01,"이달 SK하이닉스 1.5兆 산 외국인, 삼성전자는 1.3兆 팔았다 [줍...",서울경제,https://n.news.naver.com/mnews/article/011/0004491548
2025.05.30 05:03,"엔비디아 훈풍에 반도체주 오름세…""하반기 품목 관세 이슈로 상승 제.....",데일리안,https://n.news.naver.com/mnews/article/119/0002962860
2025.05.30 05:00,'플립7'에 삼성 칩셋...퀄컴 의존도 낮춘다,머니투데이,https://n.news.naver.com/mnews/article/008/0005201368
2025.05.30 00:34,"삼성도, 애플도 만든다… AI 로봇에 꽂힌 스마트폰 업체들",조선일보,https://n.news.naver.com/mnews/article/023/0003908208
2025.05.30 00:33,“반갑다 외국인”… 10개월 만에 순매수,조선일보,https://n.news.naver.com/mnews/article/023/0003908193
2025.05.30 00:29,"IDC ""관세로 올해 스마트폰 출하량 0.6% 증가 그쳐""",한국경제,https://n.news.naver.com/mnews/article/015/0005138567
2025.05.30 00:18,"미 관세 제동·새정부 기대감… 코스피, 9개월 만 2700 돌파",국민일보,https://n.news.naver.com/mnews/article/005/0001779905
2025.05.30 00:00,"노용석 중기부 중소기업정책실장, 재산 15억원 신고 [재산공개]",뉴스1,https://n.news.naver.com/mnews/article/421/0008284081
2025.05.29 21:54,엔비디아 훈풍에 어느새 ‘21만닉스’...데이터센터·전력株도 급등,매일경제,https://n.news.naver.com/mnews/article/009/0005501059
2025.05.29 17:51,엔비디아 훈풍에 '21만닉스' 데이터센터·전력株도 급등,매일경제,https://n.news.naver.com/mnews/article/009/0005500930
2025.05.29 21:17,용인시 처인구 '힐스테이트 용인마크밸리' 선착순 계약 순항 중,SBS Biz,https://n.news.naver.com/mnews/article/374/0000443358
2025.05.29 17:43,"현대건설 ‘힐스테이트 용인마크밸리’, 선착순 계약 ‘순항’…주변...",디지털타임스,https://n.news.naver.com/mnews/article/029/0002958376
2025.05.29 21:01,가족경영은 늘 ‘양날의 검’이었다,매경이코노미,https://n.news.naver.com/mnews/article/024/0000097491
2025.05.29 20:48,"삼성, 스마트싱스 특허침해 배상 평결...1500억대 규모",매일경제,https://n.news.naver.com/mnews/article/009/0005501049
2025.05.29 18:21,"삼성전자, 日맥셀에 특허소송 패소…""1500억원 배상""",뉴시스,https://n.news.naver.com/mnews/article/003/0013275185
2025.05.29 20:45,엔비디아 1분기 매출 440억달러…중 수출 제한 속 ‘선방’,경향신문,https://n.news.naver.com/mnews/article/032/0003372956
2025.05.29 16:05,호실적에도 웃지 못한 엔비디아…'中 수출 규제' 하반기 유탄 맞나,블로터,https://n.news.naver.com/mnews/article/293/0000067985
2025.05.29 20:11,코스피 10개월 만에 2720 고지…엔비디아 호실적·금리인하 효과,국제신문,https://n.news.naver.com/mnews/article/658/0000108736
2025.05.29 16:36,"[시황] 상호관세 부과 제동…코스피 2720대 마감, 10개월 만에 ...",데일리안,https://n.news.naver.com/mnews/article/119/0002962668
2025.05.29 20:10,"“상호관세는 대통령 권한 밖의 일”…美법원, 트럼프 독단에 제동 걸.....",매일경제,https://n.news.naver.com/mnews/article/009/0005501038
2025.05.29 19:18,"산은, 4조원 규모 관세대응 저리지원 특별패키지 출시",KBS,https://n.news.naver.com/mnews/article/056/0011961377
2025.05.29 17:32,"산은, 4조원 규모 관세대응 저리지원 특별패키지 출시",연합뉴스,https://n.news.naver.com/mnews/article/001/0015420687
2025.05.29 19:09,서동면 제12대 강원경제진흥원장 6월 2일 취임,뉴스1,https://n.news.naver.com/mnews/article/421/0008283781
2025.05.29 14:45,서동면 강원경제진흥원장 6월 2일 취임,매일경제,https://n.news.naver.com/mnews/article/009/0005500710
2025.05.29 18:54,주주소통 강화 나선 삼성바이오·셀트리온...신속·투명한 현안 공유...,머니투데이,https://n.news.naver.com/mnews/article/008/0005201310
2025.05.29 18:26,"삼성바이오, 인적분할 '소액주주'와도 소통면 넓혔다",파이낸셜뉴스,https://n.news.naver.com/mnews/article/014/0005356790
2025.05.29 18:39,블룸버그 “애플도 9월부터 OS 명칭에 연도 붙인다”,조선비즈,https://n.news.naver.com/mnews/article/366/0001081393
2025.05.29 15:22,"삼성·MS처럼…""애플도 OS 명칭에 연도 붙인다""",연합뉴스,https://n.news.naver.com/mnews/article/001/0015420095
2025.05.29 18:25,"'밸류업 1년' 자사주 소각 활발... 상장사, 5개월만에 21조 태웠...",파이낸셜뉴스,https://n.news.naver.com/mnews/article/014/0005356786
2025.05.29 18:16,엔비디아 깜짝 실적에 반도체株 강세… 상승 탄력 붙을까,파이낸셜뉴스,https://n.news.naver.com/mnews/article/014/0005356762
2025.05.29 16:48,엔비디아 실적 서프라이즈에…국내 반도체주 강세 지속될까,파이낸셜뉴스,https://n.news.naver.com/mnews/article/014/0005356689
2025.05.29 18:21,"삼성전자, 日맥셀에 특허소송 패소…""1500억원 배상""",뉴시스,https://n.news.naver.com/mnews/article/003/0013275185
2025.05.29 18:20,"`인적분할` 삼성바이오로직스, 소액주주와 온라인 간담회…소통 행보",디지털타임스,https://n.news.naver.com/mnews/article/029/0002958399
2025.05.29 17:54,"'인적분할' 삼성바이오로직스, 소액주주 소통 광폭 행보",뉴스1,https://n.news.naver.com/mnews/article/421/0008283676
2025.05.29 18:16,엔비디아 깜짝 실적에 반도체株 강세… 상승 탄력 붙을까,파이낸셜뉴스,https://n.news.naver.com/mnews/article/014/0005356762
2025.05.29 16:48,엔비디아 실적 서프라이즈에…국내 반도체주 강세 지속될까,파이낸셜뉴스,https://n.news.naver.com/mnews/article/014/0005356689
2025.05.29 18:15,"[단독] 홍콩간 삼성전자 개미, 레버리지·곱버스 하루 7억원 거래",디지털타임스,https://n.news.naver.com/mnews/article/029/0002958395
2025.05.29 18:11,"재계 ""美 투자 한창인데"" 대혼란…현지 생산량 늘려 리스크 최소화",서울경제,https://n.news.naver.com/mnews/article/011/0004491461
2025.05.29 18:10,'국가 AI 컴퓨팅센터' 흥행 실패? 수익성 의문에 기업들 참여 고심,이데일리,https://n.news.naver.com/mnews/article/018/0006026778
2025.05.29 18:10,코스피 연고점 찍었는데 “삼전은 언제 올라?”…반도체株 주가 전망...,매일경제,https://n.news.naver.com/mnews/article/009/0005501004
2025.05.29 18:09,"TTA, 세계 최초 무선 주방가전 'Ki' 국제공인시험소 지정",데일리안,https://n.news.naver.com/mnews/article/119/0002962764
2025.05.29 18:08,성장엔진 식어버린 韓…10년새 덩치는 커졌지만 주머니는 비었다,한국경제,https://n.news.naver.com/mnews/article/015/0005138464
2025.05.29 17:57,"13% vs 31%…韓 대표기업 수익성, 美의 절반",한국경제,https://n.news.naver.com/mnews/article/015/0005138445
2025.05.29 18:05,對美 협상시한 벌었지만 …'25% 품목관세' 부담은 여전,매일경제,https://n.news.naver.com/mnews/article/009/0005501001
2025.05.29 18:03,"""태백서도 폴더블폰 단품 수리하세요""...삼성이 말하는 친환경 수리법....",이코노미스트,https://n.news.naver.com/mnews/article/243/0000078810
2025.05.29 15:12,"삼성전자서비스, 폴더블폰 ‘디스플레이 단품 수리’ 전국 확대",매일경제,https://n.news.naver.com/mnews/article/009/0005500746
2025.05.29 18:00,대선·관세제동·엔비디아 겹호재에 …코스피 9개월 만에 2700 돌파,서울경제,https://n.news.naver.com/mnews/article/011/0004491446
2025.05.29 17:58,"솔트룩스 ""딥시크 비용에 챗GPT 성능 구현""",매일경제,https://n.news.naver.com/mnews/article/009/0005500951
2025.05.29 17:58,"일본서 잘 나가더니…전 세계 싹쓸이한 아이폰, 판매량 1위",한국경제,https://n.news.naver.com/mnews/article/015/0005138447
2025.05.29 17:57,"13% vs 31%…韓 대표기업 수익성, 美의 절반",한국경제,https://n.news.naver.com/mnews/article/015/0005138445
2025.05.29 17:54,"'인적분할' 삼성바이오로직스, 소액주주 소통 광폭 행보",뉴스1,https://n.news.naver.com/mnews/article/421/0008283676
2025.05.29 17:51,"""오천피 갈까""… 증시부양 기대 증권株 급등",매일경제,https://n.news.naver.com/mnews/article/009/0005500929
2025.05.29 17:51,엔비디아 훈풍에 '21만닉스' 데이터센터·전력株도 급등,매일경제,https://n.news.naver.com/mnews/article/009/0005500930
2025.05.29 17:43,"현대건설 ‘힐스테이트 용인마크밸리’, 선착순 계약 ‘순항’…주변...",디지털타임스,https://n.news.naver.com/mnews/article/029/0002958376
2025.05.29 16:27,'7천가구 한숲시티 옆' 힐스테이트 용인마크밸리 선착순 공급,비즈워치,https://n.news.naver.com/mnews/article/648/0000036611
2025.05.29 17:39,"3000억 EUV 장비, 누구나 쓴다…""1나노 신기술, 여기서 시작""",한국경제,https://n.news.naver.com/mnews/article/015/0005138420
2025.05.29 17:36,"갤Z플립7, 엑시노스 탑재한 첫번째 삼성 폴더블폰 될까",뉴시스,https://n.news.naver.com/mnews/article/003/0013275132
2025.05.29 15:15,"""퀄컴 의존 낮춘다""...삼성 '갤Z플립7' 전세계 엑시노스 탑재할 ...",머니투데이,https://n.news.naver.com/mnews/article/008/0005201143
2025.05.29 17:36,[단독] 삼성 차세대 D램 수율 개선…전영현 '설계변경 초강수' 빛났다,서울경제,https://n.news.naver.com/mnews/article/011/0004491401
2025.05.29 17:34,"""다쏘시스템, 실제와 가상 세계 격차 없앨 것""",서울경제,https://n.news.naver.com/mnews/article/011/0004491398
2025.05.29 16:27,"다쏘시스템, 버추얼 트윈에 AI 결합… “2040년 생성형 경제 실현...",조선비즈,https://n.news.naver.com/mnews/article/366/0001081324
2025.05.29 17:34,"요스타, 서브컬처 신작 ‘스텔라 소라’ 국내 첫 CBT 시작",이코노미스트,https://n.news.naver.com/mnews/article/243/0000078804
2025.05.29 14:46,액션RPG '스텔라 소라' 첫 테스트 진행,포모스,https://n.news.naver.com/mnews/article/236/0000249244
2025.05.29 17:32,"산은, 4조원 규모 관세대응 저리지원 특별패키지 출시",연합뉴스,https://n.news.naver.com/mnews/article/001/0015420687
2025.05.29 17:32,코스피 10개월 만 2720선 마감…“연내 3000 간다”,서울신문,https://n.news.naver.com/mnews/article/081/0003545201
2025.05.29 17:30,관세 직격탄…'슈퍼 을' ASML 시총 고점 대비 180조 증발,매일신문,https://n.news.naver.com/mnews/article/088/0000950642
2025.05.29 17:17,"'반도체 슈퍼 을' ASML 시총, 1년 새 180조원 증발...이유...",한경비즈니스,https://n.news.naver.com/mnews/article/050/0000091525
2025.05.29 17:24,"낸드 '톱5' 1Q 매출, 전분기 대비 24%↓…경기 침체·재고 압박",뉴스1,https://n.news.naver.com/mnews/article/421/0008283596
2025.05.29 17:15,1분기 낸드 매출 전분기 대비 24%↓…경기 침체·재고 압박,디지털타임스,https://n.news.naver.com/mnews/article/029/0002958356
2025.05.29 17:23,[특징주] 엔비디아 훈풍에 SK하이닉스 21만원대…두 달 만에 최대치,데일리안,https://n.news.naver.com/mnews/article/119/0002962746
2025.05.29 17:20,"퀄컴, 국내 첫 스냅드래곤 X 시리즈 PC존 오픈",이데일리,https://n.news.naver.com/mnews/article/018/0006026718
2025.05.29 14:07,"퀄컴, '스냅드래곤 X 시리즈 PC존' 오픈",전자신문,https://n.news.naver.com/mnews/article/030/0003317210
2025.05.29 17:20,"구글 CEO ""AI는 인터넷보다 거대…상상 못한 산업 생겨날 것""",지디넷코리아,https://n.news.naver.com/mnews/article/092/0002376319
2025.05.29 17:17,"'반도체 슈퍼 을' ASML 시총, 1년 새 180조원 증발...이유는...",한경비즈니스,https://n.news.naver.com/mnews/article/050/0000091525
2025.05.29 14:08,"ASML 시총, 작년 고점 대비 180조원 이상 증발",디지털타임스,https://n.news.naver.com/mnews/article/029/0002958271
2025.05.29 17:15,1분기 낸드 매출 전분기 대비 24%↓…경기 침체·재고 압박,디지털타임스,https://n.news.naver.com/mnews/article/029/0002958356
2025.05.29 17:01,"비수기 영향…삼성·SK하닉, 1Q 낸드 매출 일제 감소",뉴시스,https://n.news.naver.com/mnews/article/003/0013274988
2025.05.29 16:59,“무조건 고용보장 해줘” 외치던 MG손보 노조…이번엔 국책은행에 개.....,매일경제,https://n.news.naver.com/mnews/article/009/0005500850
2025.05.29 16:57,"유동성 장세의 서막일까…코스피, 연중 최고치 2720선 마감",머니투데이,https://n.news.naver.com/mnews/article/008/0005201241
2025.05.29 16:56,"삼성SDI, 유상증자 일반공모에 449대 1 경쟁률 `흥행`",디지털타임스,https://n.news.naver.com/mnews/article/029/0002958349
2025.05.29 16:55,"K 반도체, 미중 갈등 속 외줄 타기… 전방위 '규제 개선·지원' 절실",머니S,https://n.news.naver.com/mnews/article/417/0001080124
2025.05.29 16:50,[GAIC2025]“韓 교육·산업 기반 탄탄…딥테크 창업 생태계 가능성...,이데일리,https://n.news.naver.com/mnews/article/018/0006026679
2025.05.29 16:50,"글로벌 스마트홈 브랜드 EZVIZ, TGS와 전략적 파트너십…국내 진출...",중앙일보,https://n.news.naver.com/mnews/article/025/0003444517
2025.05.29 16:48,엔비디아 실적 서프라이즈에…국내 반도체주 강세 지속될까,파이낸셜뉴스,https://n.news.naver.com/mnews/article/014/0005356689
2025.05.29 16:48,엔비디아 실적 서프라이즈에…국내 반도체주 강세 지속될까,파이낸셜뉴스,https://n.news.naver.com/mnews/article/014/0005356689
2025.05.29 16:48,오너리스크 폭탄 터진 한국앤컴퍼니… 조직재편·신사업 제동,디지털타임스,https://n.news.naver.com/mnews/article/029/0002958345
2025.05.29 16:44,"[머니줌인] 엔비디아, 1분기 매출·순익 모두 전망치 상회",SBS Biz,https://n.news.naver.com/mnews/article/374/0000443305
2025.05.29 16:36,"[시황] 상호관세 부과 제동…코스피 2720대 마감, 10개월 만에 최...",데일리안,https://n.news.naver.com/mnews/article/119/0002962668
2025.05.29 16:14,"코스피 1.9% 올라 2,720대…작년 8월 블랙먼데이 직전 수준 회...",연합뉴스,https://n.news.naver.com/mnews/article/001/0015420347
2025.05.29 16:35,"코스피, 2720선 돌파…'2600 박스' 뚫고 10개월만에 최고 [시...",뉴스1,https://n.news.naver.com/mnews/article/421/0008283347
2025.05.29 16:33,"코스피, 1.89% 오른 2720선 마감…약 10개월 만에 최고치(종...",뉴시스,https://n.news.naver.com/mnews/article/003/0013274882
2025.05.29 16:34,엔비디아 또 어닝 서프라이즈…SK하이닉스 HBM 수혜 지속,디지털타임스,https://n.news.naver.com/mnews/article/029/0002958338
2025.05.29 16:33,글로벌 낸드 1Q 매출 감소…삼성전자 1위 유지,이데일리,https://n.news.naver.com/mnews/article/018/0006026660
2025.05.29 16:33,"1분기 글로벌 낸드 매출, 전분기 대비 24%↓…""수요 약세""",TV조선,https://n.news.naver.com/mnews/article/448/0000531164
2025.05.29 16:28,코스피 10개월 만에 2700선…올들어 13.4% 상승,한겨레,https://n.news.naver.com/mnews/article/028/0002748419
2025.05.29 16:28,"[단독] 청호나이스, 삼성 `바늘구멍` 뚫었다…정수기·비데 5600대 ...",디지털타임스,https://n.news.naver.com/mnews/article/029/0002958336
2025.05.29 16:28,"""사람 몰리면 집값 오른다"" … 세종·부산 강서·청주 주목",매일경제,https://n.news.naver.com/mnews/article/009/0005500828
2025.05.29 16:28,코스피 10개월 만에 2700선…올들어 13.4% 상승,한겨레,https://n.news.naver.com/mnews/article/028/0002748419
2025.05.29 16:28,"[단독] 청호나이스, 삼성 `바늘구멍` 뚫었다…정수기·비데 5600대 ...",디지털타임스,https://n.news.naver.com/mnews/article/029/0002958336
2025.05.29 16:27,코스피 10개월 만에 최고치...SK하이닉스 '21만 닉스'로,YTN,https://n.news.naver.com/mnews/article/052/0002199389
2025.05.29 16:27,'7천가구 한숲시티 옆' 힐스테이트 용인마크밸리 선착순 공급,비즈워치,https://n.news.naver.com/mnews/article/648/0000036611
2025.05.29 16:07,"현대건설, '힐스테이트 용인마크밸리' 선착순 분양",한국경제TV,https://n.news.naver.com/mnews/article/215/0001210964
2025.05.29 16:27,"다쏘시스템, 버추얼 트윈에 AI 결합… “2040년 생성형 경제 실현”",조선비즈,https://n.news.naver.com/mnews/article/366/0001081324
2025.05.29 15:23,"다쏘시스템, 7세대 '3D유니버스' 공개…생성형AI 결합",SBS Biz,https://n.news.naver.com/mnews/article/374/0000443282
2025.05.29 16:25,똑같은 신용등급인데…지방은행 카드대출은 이자율 더 높다고?,매일경제,https://n.news.naver.com/mnews/article/009/0005500820
2025.05.29 16:24,"코스피, '2700선 탈환' 10개월 만 최고치···환율은 0.6원 하...",더팩트,https://n.news.naver.com/mnews/article/629/0000394371
2025.05.29 16:21,"1분기 글로벌 낸드 매출, 전분기 대비 24%↓…""수요 약세""",연합뉴스,https://n.news.naver.com/mnews/article/001/0015420375
2025.05.29 16:20,美관세·엔비디아·금리인하 '트리플 호재'…코스피 9개월만 2700선 회...,중앙일보,https://n.news.naver.com/mnews/article/025/0003444500
2025.05.29 16:19,엔비디아 호실적에 두달 만에 '21만닉스'…삼성전자 이틀째 올라(종합....,연합뉴스,https://n.news.naver.com/mnews/article/001/0015420364
2025.05.29 16:19,엔비디아 호실적에 두달 만에 '21만닉스'…삼성전자 이틀째 올라(종합....,연합뉴스,https://n.news.naver.com/mnews/article/001/0015420364
2025.05.29 16:14,"코스피 1.9% 올라 2,720대…작년 8월 블랙먼데이 직전 수준 회복...",연합뉴스,https://n.news.naver.com/mnews/article/001/0015420347
2025.05.29 16:11,"디캠프, 40개 기업과 `창원 스타트업 페스티벌` 참가…성장 지원",디지털타임스,https://n.news.naver.com/mnews/article/029/0002958322
2025.05.29 14:30,"디캠프가 지원한 스타트업, 글로벌 융복합 스타트업 페스티벌 참가",뉴시스,https://n.news.naver.com/mnews/article/003/0013274296
2025.05.29 16:07,"현대건설, '힐스테이트 용인마크밸리' 선착순 분양",한국경제TV,https://n.news.naver.com/mnews/article/215/0001210964
2025.05.29 14:20,'힐스테이트 용인마크밸리' 선착순 계약 순항,머니S,https://n.news.naver.com/mnews/article/417/0001080048
2025.05.29 16:05,호실적에도 웃지 못한 엔비디아…'中 수출 규제' 하반기 유탄 맞나,블로터,https://n.news.naver.com/mnews/article/293/0000067985
2025.05.29 16:02,"엔비디아 호실적에도, 증권가 전망 '흐림'...반도체주 하반기 전망은....",머니투데이,https://n.news.naver.com/mnews/article/008/0005201183
2025.05.29 16:00,'3000피 가나' 코스피 2720선 껑충…코스닥도 1%대 상승[마감],이데일리,https://n.news.naver.com/mnews/article/018/0006026622
2025.05.29 15:52,"홈즈컴퍼니, 모건 스탠리와 손잡고 코리빙 '홈즈 안암' 열어",파이낸셜뉴스,https://n.news.naver.com/mnews/article/014/0005356652
2025.05.29 15:49,"""엔비디아 깜짝 실적"" SK하이닉스 등 반도체株 훈풍[핫스탁](종합)",뉴시스,https://n.news.naver.com/mnews/article/003/0013274696
2025.05.29 15:48,대선후보의 SKT 해킹사고 대응공약은,비즈워치,https://n.news.naver.com/mnews/article/648/0000036608
2025.05.29 15:44,[서울데이터랩]마감 직후 인기 검색 종목 20選,서울신문,https://n.news.naver.com/mnews/article/081/0003545157
2025.05.29 15:40,SK텔레콤 신규 가입 재개는 언제?… 통신업계 고객 쟁탈전 심화,조선비즈,https://n.news.naver.com/mnews/article/366/0001081298
2025.05.29 15:34,"中 BOE, 美 삼성디스플레이에 또 특허 소송…결과는?",뉴시스,https://n.news.naver.com/mnews/article/003/0013274608
2025.05.29 15:32,"코스피, 1.89%↑ 마감…강세장 진입 '초읽기'",한국경제TV,https://n.news.naver.com/mnews/article/215/0001210961
2025.05.29 15:29,'美 투자' 신중 기하는 SK하이닉스…韓 소부장과 협력 빈도 늘린다 [...,디지털데일리,https://n.news.naver.com/mnews/article/138/0002197617
2025.05.29 15:26,"중국 악재에도 60조…젠슨 황 ""반도체 수요 강력""",한국경제TV,https://n.news.naver.com/mnews/article/215/0001210960
2025.05.29 15:23,"다쏘시스템, 7세대 '3D유니버스' 공개…생성형AI 결합",SBS Biz,https://n.news.naver.com/mnews/article/374/0000443282
2025.05.29 15:15,"""세탁기도 3D로 설계"" LG전자 혁신 이끄는 '버추얼트윈' 기술",이데일리,https://n.news.naver.com/mnews/article/018/0006026586
2025.05.29 15:22,"삼성·MS처럼…""애플도 OS 명칭에 연도 붙인다""",연합뉴스,https://n.news.naver.com/mnews/article/001/0015420095
2025.05.29 15:17,"""갤럭시Z폴드 7, 스냅드래곤8 엘리트 칩 탑재""",지디넷코리아,https://n.news.naver.com/mnews/article/092/0002376289
2025.05.29 15:15,"""퀄컴 의존 낮춘다""...삼성 '갤Z플립7' 전세계 엑시노스 탑재할 듯",머니투데이,https://n.news.naver.com/mnews/article/008/0005201143
2025.05.29 15:15,"""퀄컴 의존 낮춘다""...삼성 '갤Z플립7' 전세계 엑시노스 탑재할 듯",머니투데이,https://n.news.naver.com/mnews/article/008/0005201143
2025.05.29 15:12,"삼성전자서비스, 폴더블폰 ‘디스플레이 단품 수리’ 전국 확대",매일경제,https://n.news.naver.com/mnews/article/009/0005500746
2025.05.29 11:39,"삼성전자, 폴더블폰 수리비 줄인다…'디스플레이 단품 수리' 확대",더팩트,https://n.news.naver.com/mnews/article/629/0000394226
2025.05.29 15:00,"""中 규제 손실"" 엔비디아, 1분기는 선방... 韓 생태계 영향은",데일리안,https://n.news.naver.com/mnews/article/119/0002962597
2025.05.29 14:46,액션RPG '스텔라 소라' 첫 테스트 진행,포모스,https://n.news.naver.com/mnews/article/236/0000249244
2025.05.29 14:45,서동면 강원경제진흥원장 6월 2일 취임,매일경제,https://n.news.naver.com/mnews/article/009/0005500710
2025.05.29 14:41,"삼성전기, 유리기판 생태계 구축 시동…27개 협력사와 기술 협력 논의",전자신문,https://n.news.naver.com/mnews/article/030/0003317240
2025.05.29 14:30,글로벌 융복합 스타트업 페스티벌,뉴시스,https://n.news.naver.com/mnews/article/003/0013274299
2025.05.29 14:30,"디캠프가 지원한 스타트업, 글로벌 융복합 스타트업 페스티벌 참가",뉴시스,https://n.news.naver.com/mnews/article/003/0013274298
2025.05.29 14:20,'힐스테이트 용인마크밸리' 선착순 계약 순항,머니S,https://n.news.naver.com/mnews/article/417/0001080048
2025.05.29 12:02,"'힐스테이트 용인마크밸리' 선착순 계약…""잔여물량 소진 빨라""",뉴시스,https://n.news.naver.com/mnews/article/003/0013273735
2025.05.29 14:12,"2700선 돌파한 코스피, 거세진 외인·기관 매수세에 1.7%↑",이데일리,https://n.news.naver.com/mnews/article/018/0006026514
2025.05.29 14:08,"ASML 시총, 작년 고점 대비 180조원 이상 증발",디지털타임스,https://n.news.naver.com/mnews/article/029/0002958271
2025.05.29 11:49,"'반도체 슈퍼을' ASML 시총, 작년 고점 대비 180조원 넘게 증...",연합뉴스,https://n.news.naver.com/mnews/article/001/0015419236
2025.05.29 14:20,'힐스테이트 용인마크밸리' 선착순 계약 순항,머니S,https://n.news.naver.com/mnews/article/417/0001080048
2025.05.29 12:02,"'힐스테이트 용인마크밸리' 선착순 계약…""잔여물량 소진 빨라""",뉴시스,https://n.news.naver.com/mnews/article/003/0013273735
2025.05.29 14:15,"디캠프, 글로벌 융복합 스타트업 페스티벌(GSAT) 2025 참가",전자신문,https://n.news.naver.com/mnews/article/030/0003317213
2025.05.29 14:12,"2700선 돌파한 코스피, 거세진 외인·기관 매수세에 1.7%↑",이데일리,https://n.news.naver.com/mnews/article/018/0006026514
2025.05.29 14:08,엔비디아 '블랙웰' 칩 수요 쾌청…삼성·SK HBM 성장 기회,지디넷코리아,https://n.news.naver.com/mnews/article/092/0002376263
2025.05.29 14:00,"엔비디아, 中 손실에도 기록적 성장…AI 반도체 훈풍 계속된다",뉴스1,https://n.news.naver.com/mnews/article/421/0008282587
2025.05.29 14:08,"ASML 시총, 작년 고점 대비 180조원 이상 증발",디지털타임스,https://n.news.naver.com/mnews/article/029/0002958271
2025.05.29 11:49,"'반도체 슈퍼을' ASML 시총, 작년 고점 대비 180조원 넘게 증...",연합뉴스,https://n.news.naver.com/mnews/article/001/0015419236
2025.05.29 14:07,"일상도 바꾼 '일체형 세탁 건조기'…""평일 저녁에도 빨래 돌려요""",머니투데이,https://n.news.naver.com/mnews/article/008/0005201090
2025.05.29 12:55,삼성 '비스포크 AI 콤보' 누적 판매량 10만대 돌파...구매 이유...,지디넷코리아,https://n.news.naver.com/mnews/article/092/0002376240
2025.05.29 14:07,"퀄컴, 국내 첫 ‘스냅드래곤 X 시리즈 PC존’ 오픈… 온디바이스 AI...",디지털데일리,https://n.news.naver.com/mnews/article/138/0002197609
2025.05.29 14:07,"퀄컴, '스냅드래곤 X 시리즈 PC존' 오픈",전자신문,https://n.news.naver.com/mnews/article/030/0003317210
2025.05.29 13:51,[서울데이터랩]기아 4.94% 상승 주요 종목 상승세 지속 중,서울신문,https://n.news.naver.com/mnews/article/081/0003545104
2025.05.29 13:51,"[서울데이터랩]금일 코스피 거래량 1위 SK증권 거래대금 1,253억 ...",서울신문,https://n.news.naver.com/mnews/article/081/0003545106
2025.05.29 13:49,"톰 무디 다이슨 홈 총괄 “소비자가 시작점, 경량화 넘어 성능으로 승....",동아일보,https://n.news.naver.com/mnews/article/020/0003638201
2025.05.29 13:51,"[서울데이터랩]금일 코스피 거래량 1위 SK증권 거래대금 1,253억 ...",서울신문,https://n.news.naver.com/mnews/article/081/0003545106
2025.05.29 13:49,"톰 무디 다이슨 홈 총괄 “소비자가 시작점, 경량화 넘어 성능으로 승....",동아일보,https://n.news.naver.com/mnews/article/020/0003638201
2025.05.29 13:48,"'신용위험 경고등' 한화 940개사로 1위, 차입금 최대는 SK그룹",일간스포츠,https://n.news.naver.com/mnews/article/241/0003440887
2025.05.29 12:03,"‘부채비율 50%' 현대百그룹, '빚 많은 기업군'에 편입된 이유는",이데일리,https://n.news.naver.com/mnews/article/018/0006026457
2025.05.29 13:35,“가입자 뺏어라”…통신 3사 지원금 경쟁 본격화,부산일보,https://n.news.naver.com/mnews/article/082/0001328186
2025.05.29 13:32,"삼성전자 포항 물류센터, 105억원에 매물로",더팩트,https://n.news.naver.com/mnews/article/629/0000394284
2025.05.29 13:11,K뷰티 흐름 계속된다…미용기기업체 비올 순매수 1위 [주식 초고수는.....,서울경제,https://n.news.naver.com/mnews/article/011/0004491249
2025.05.29 12:59,"농기계 회사는 옛말…대동, 로봇·AI로 새 도전",지디넷코리아,https://n.news.naver.com/mnews/article/092/0002376243
2025.05.29 12:55,삼성 '비스포크 AI 콤보' 누적 판매량 10만대 돌파...구매 이유는...,지디넷코리아,https://n.news.naver.com/mnews/article/092/0002376240
2025.05.29 11:46,"일체형 세탁건조기 편리함에…맞벌이 60% ""구매 후 평일저녁 빨래 늘...",SBS Biz,https://n.news.naver.com/mnews/article/374/0000443222
2025.05.29 12:20,"105조 현금 있는 삼성전자…산은 2조 대출, 왜 받았나?",뉴시스,https://n.news.naver.com/mnews/article/003/0013273788
2025.05.29 12:05,코스피 9개월만에 장중 2700 회복… 삼성·하이닉스 등 반도체주 강세,문화일보,https://n.news.naver.com/mnews/article/021/0002712864
2025.05.29 12:05,닌텐도 이어 Z플립 칩도 공급… 삼성 파운드리 확대 속도낸다,문화일보,https://n.news.naver.com/mnews/article/021/0002712861
2025.05.29 11:48,"삼성 파운드리, 레거시·첨단 공정 검증대 올랐다",데일리안,https://n.news.naver.com/mnews/article/119/0002962496
2025.05.29 12:03,"‘부채비율 50%' 현대百그룹, '빚 많은 기업군'에 편입된 이유는",이데일리,https://n.news.naver.com/mnews/article/018/0006026457
2025.05.29 12:03,"금감원, 41개 ‘주채무계열’ 선정…유진·부영·영풍 신규 편입",조세일보,https://n.news.naver.com/mnews/article/123/0002360151
2025.05.29 12:02,"'힐스테이트 용인마크밸리' 선착순 계약…""잔여물량 소진 빨라""",뉴시스,https://n.news.naver.com/mnews/article/003/0013273735
2025.05.29 11:07,"""DSR 3단계 앞두고 막차타자""… '힐스테이트 용인마크밸리' 순항 ...",서울경제,https://n.news.naver.com/mnews/article/011/0004491197
2025.05.29 12:00,"시총 30조·3000억원 자신 프레스티지바이오, ‘배경에 테바 있었다’",이데일리,https://n.news.naver.com/mnews/article/018/0006026435
2025.05.29 11:50,"""글로벌·미래사업 DNA 이식"" K라면 대표 농심, 삼성전자 출신 잇단...",뉴시스,https://n.news.naver.com/mnews/article/003/0013273670
2025.05.29 11:49,"'반도체 슈퍼을' ASML 시총, 작년 고점 대비 180조원 넘게 증발",연합뉴스,https://n.news.naver.com/mnews/article/001/0015419236
2025.05.29 11:49,"코스피, 장중 2710선 돌파…9개월 만에 '최고'[장중시황]",뉴스1,https://n.news.naver.com/mnews/article/421/0008281973
2025.05.29 11:46,"일체형 세탁건조기 편리함에…맞벌이 60% ""구매 후 평일저녁 빨래 늘....",SBS Biz,https://n.news.naver.com/mnews/article/374/0000443222
2025.05.29 10:07,맞벌이 부부 53% “빨래 평일저녁도 부담 無”…비스포크 AI 콤보로...,세계일보,https://n.news.naver.com/mnews/article/022/0004039326
2025.05.29 11:39,"삼성전자, 폴더블폰 수리비 줄인다…'디스플레이 단품 수리' 확대",더팩트,https://n.news.naver.com/mnews/article/629/0000394226
2025.05.29 11:28,"삼성전자서비스, 폴더블폰 디스플레이 단품 수리 서비스 확대",아이뉴스24,https://n.news.naver.com/mnews/article/031/0000936339
2025.05.29 11:38,"퀄컴, 용산아이파크몰 롯데하이마트에 국내 첫 '스냅드래곤X PC존'",SBS Biz,https://n.news.naver.com/mnews/article/374/0000443213
2025.05.29 11:37,"퀄컴, 용산에 국내 첫 `스냅드래곤X 시리즈 PC존` 열어",디지털타임스,https://n.news.naver.com/mnews/article/029/0002958226
2025.05.29 11:49,"'반도체 슈퍼을' ASML 시총, 작년 고점 대비 180조원 넘게 증발",연합뉴스,https://n.news.naver.com/mnews/article/001/0015419236
2025.05.29 11:49,"코스피, 장중 2710선 돌파…9개월 만에 '최고'[장중시황]",뉴스1,https://n.news.naver.com/mnews/article/421/0008281973
2025.05.29 11:48,"삼성 파운드리, 레거시·첨단 공정 검증대 올랐다",데일리안,https://n.news.naver.com/mnews/article/119/0002962496
2025.05.29 11:46,"일체형 세탁건조기 편리함에…맞벌이 60% ""구매 후 평일저녁 빨래 늘....",SBS Biz,https://n.news.naver.com/mnews/article/374/0000443222
2025.05.29 10:07,맞벌이 부부 53% “빨래 평일저녁도 부담 無”…비스포크 AI 콤보로...,세계일보,https://n.news.naver.com/mnews/article/022/0004039326
2025.05.29 11:39,"삼성전자, 폴더블폰 수리비 줄인다…'디스플레이 단품 수리' 확대",더팩트,https://n.news.naver.com/mnews/article/629/0000394226
2025.05.29 11:28,"삼성전자서비스, 폴더블폰 디스플레이 단품 수리 서비스 확대",아이뉴스24,https://n.news.naver.com/mnews/article/031/0000936339
2025.05.29 11:38,얼마만이냐…코스피 2700선 돌파,SBS Biz,https://n.news.naver.com/mnews/article/374/0000443211
2025.05.29 11:38,"퀄컴, 용산아이파크몰 롯데하이마트에 국내 첫 '스냅드래곤X PC존'",SBS Biz,https://n.news.naver.com/mnews/article/374/0000443213
2025.05.29 11:37,"퀄컴, 용산에 국내 첫 `스냅드래곤X 시리즈 PC존` 열어",디지털타임스,https://n.news.naver.com/mnews/article/029/0002958226
2025.05.29 11:36,9개월 만의 코스피 2700선…금융주·자동차주 급등,한국경제,https://n.news.naver.com/mnews/article/015/0005138178
2025.05.29 11:22,"코스피, 금리인하 소화하며 오름폭 확대 2,710대…코스닥 상승",연합뉴스,https://n.news.naver.com/mnews/article/001/0015419068
2025.05.29 11:21,"[단독]우철문 전 부산경찰청장, 삼성물산 고문으로 취업 승인",경향신문,https://n.news.naver.com/mnews/article/032/0003372776
2025.05.29 11:22,"코스피, 금리인하 소화하며 오름폭 확대 2,710대…코스닥 상승",연합뉴스,https://n.news.naver.com/mnews/article/001/0015419068
2025.05.29 11:21,"내수·수출주 동반 반등에 코스피, 9개월 만에 2700선 돌파",경향신문,https://n.news.naver.com/mnews/article/032/0003372777
2025.05.29 11:21,"[단독]우철문 전 부산경찰청장, 삼성물산 고문으로 취업 승인",경향신문,https://n.news.naver.com/mnews/article/032/0003372776
2025.05.29 11:19,"삼성금융, ‘C랩 아웃사이드’ 본선 진출 16곳 선정",헤럴드경제,https://n.news.naver.com/mnews/article/016/0002478153
2025.05.29 11:15,오늘의 메모[5월 30일],서울경제,https://n.news.naver.com/mnews/article/011/0004491213
2025.05.29 11:10,"엔젯, 삼성과 유리기판 초정밀 EHD 기술 공동개발…세계최초 상용화 ....",파이낸셜뉴스,https://n.news.naver.com/mnews/article/014/0005356417
2025.05.29 11:07,"""인적 쇄신으로 위기 극복"" 올해도 불어온 CEO 조기 교체 바람",더팩트,https://n.news.naver.com/mnews/article/629/0000394206
2025.05.29 11:07,오픈AI “화면없는 소형 AI 기기 내년 출시”,헤럴드경제,https://n.news.naver.com/mnews/article/016/0002478115
2025.05.29 09:42,"“맥북, 아이폰 이어 3번째 핵심 기기”…오픈AI ‘소형 AI 기기’...",헤럴드경제,https://n.news.naver.com/mnews/article/016/0002477984
2025.05.29 11:07,"""DSR 3단계 앞두고 막차타자""… '힐스테이트 용인마크밸리' 순항 [...",서울경제,https://n.news.naver.com/mnews/article/011/0004491197
2025.05.29 10:47,반도체 호재 '힐스테이트 용인마크밸리' 선착순 계약 순항,뉴스1,https://n.news.naver.com/mnews/article/421/0008281606
2025.05.29 11:06,"개미, ‘오락가락’ 코스피에 저변동성 ETF로 수익",헤럴드경제,https://n.news.naver.com/mnews/article/016/0002478114
2025.05.29 08:30,"‘변동성도 최고치’ 오락가락 코스피에 개미, 편안한 저변동성 ETF ...",헤럴드경제,https://n.news.naver.com/mnews/article/016/0002477896
2025.05.29 11:05,엔비디아 깜짝 실적에 반도체주 빛볼까,헤럴드경제,https://n.news.naver.com/mnews/article/016/0002478107
2025.05.29 09:30,"‘방어력 甲’ 엔비디아, ‘對中 수출 통제’에도 예상 실적 상회…三....",헤럴드경제,https://n.news.naver.com/mnews/article/016/0002477962
2025.05.29 10:57,"""찍자마자 리터치 끝""…MZ세대 '취향 저격', 삼성 갤럭시 AI 편집...",디지털데일리,https://n.news.naver.com/mnews/article/138/0002197586
2025.05.29 09:57,사진·영상에 빠진 MZ세대라면…'갤럭시 AI 편집 기능' 필요,머니S,https://n.news.naver.com/mnews/article/417/0001079940
2025.05.29 10:47,반도체 호재 '힐스테이트 용인마크밸리' 선착순 계약 순항,뉴스1,https://n.news.naver.com/mnews/article/421/0008281606
2025.05.29 10:11,현대건설 '힐스테이트 용인마크밸리' 선착순 계약 순항,머니투데이,https://n.news.naver.com/mnews/article/008/0005200893
2025.05.29 10:47,"삼성전자 인도법인 임원들, 1천120억원 과징금 취소 소송",연합뉴스,https://n.news.naver.com/mnews/article/001/0015418816
2025.05.29 10:40,"코스피, 9개월 만에 2,700선 회복…엔비디아 호실적·트럼프 관세 제...",이코노미스트,https://n.news.naver.com/mnews/article/243/0000078763
2025.05.29 10:02,"코스피, 9개월만 장중 2700선 돌파···미국發 훈풍 이어져 [투자...",헤럴드경제,https://n.news.naver.com/mnews/article/016/0002478021
2025.05.29 10:31,"""배값 최고"" 순풍에 시총 100조 탑승…HD현대 주가 10만원 돌파",머니투데이,https://n.news.naver.com/mnews/article/008/0005200914
2025.05.29 10:31,"삼성 ‘원UI 8’ 출시 앞당기나…""갤럭시S25용 베타 버전 출시",지디넷코리아,https://n.news.naver.com/mnews/article/092/0002376215
2025.05.29 10:29,폐기물·수리비 동시 절감…삼성전자서비스 디스플레이 단품 수리 서...,서울경제,https://n.news.naver.com/mnews/article/011/0004491168
2025.05.29 10:25,"삼성전자서비스, ‘친환경’ 폴더블폰 디스플레이 단품 수리 센터 확.....",조선비즈,https://n.news.naver.com/mnews/article/366/0001081106
2025.05.29 10:27,"삼성메디슨 '헤라 Z20', 레드닷 디자인상 수상",이데일리,https://n.news.naver.com/mnews/article/018/0006026329
2025.05.29 10:26,"코스피, 9개월 만에 2700선 회복…금리 인하·엔비디아 훈풍",뉴시스,https://n.news.naver.com/mnews/article/003/0013273066
2025.05.29 10:25,"삼성전자서비스, ‘친환경’ 폴더블폰 디스플레이 단품 수리 센터 확...",조선비즈,https://n.news.naver.com/mnews/article/366/0001081106
2025.05.29 10:17,"삼성, 폴더블폰 수리비 줄이고 친환경 챙겼다…디스플레이 ‘핀셋 수.....",세계일보,https://n.news.naver.com/mnews/article/022/0004039332
2025.05.29 10:24,[트럼프 스트레스] 美 연방법원 관세 제동에 엔비디아 호실적…코스피.....,데일리안,https://n.news.naver.com/mnews/article/119/0002962400
2025.05.29 10:24,코스피 9개월 만에 2700선 회복…지주사·증권사 주가 급등세,조선일보,https://n.news.naver.com/mnews/article/023/0003908048
2025.05.29 10:21,"삼성전자서비스, 친환경 서비스 ‘디스플레이 단품 수리’ 확대",스포츠경향,https://n.news.naver.com/mnews/article/144/0001042885
2025.05.29 09:39,"삼성전자서비스, 친환경 '디스플레이 단품 수리' 확대",데일리안,https://n.news.naver.com/mnews/article/119/0002962341
2025.05.29 10:20,‘반전율’로 본 상승장 초입…강세 종목 흐름 진단 [진짜 주식 1부],한국경제TV,https://n.news.naver.com/mnews/article/215/0001210919
2025.05.29 10:12,"코스피, 장중 2700선 돌파…지난해 8월 이후 9개월 만",매일경제,https://n.news.naver.com/mnews/article/009/0005500483
2025.05.29 10:11,현대건설 '힐스테이트 용인마크밸리' 선착순 계약 순항,머니투데이,https://n.news.naver.com/mnews/article/008/0005200893
2025.05.29 10:11,"삼성자산운용 ""AI·전력·금융까지…대선공약 수혜 KODEX ETF 주목...",디지털타임스,https://n.news.naver.com/mnews/article/029/0002958163
2025.05.29 09:35,"AI반도체부터 신재생에너지·금융·건설까지…삼성자산운용, 대선공약...",헤럴드경제,https://n.news.naver.com/mnews/article/016/0002477971
2025.05.29 10:10,코스피 9개월 만에 2700 돌파…연중 최고치 경신,한겨레,https://n.news.naver.com/mnews/article/028/0002748308
2025.05.29 10:08,"이통 3사, 'AI-RAN 얼라이언스' 참여 완료…LGU+도 합류",전자신문,https://n.news.naver.com/mnews/article/030/0003317004
2025.05.29 10:08,"이통 3사, 'AI-RAN 얼라이언스' 참여 완료…LGU+도 합류",전자신문,https://n.news.naver.com/mnews/article/030/0003317004
2025.05.29 10:07,맞벌이 부부 53% “빨래 평일저녁도 부담 無”…비스포크 AI 콤보로 ...,세계일보,https://n.news.naver.com/mnews/article/022/0004039326
2025.05.29 09:59,삼성 일체형 세탁건조기 고객 2명 중 1명은 '저녁 세탁',전자신문,https://n.news.naver.com/mnews/article/030/0003316984
2025.05.29 10:04,"코스피, 9개월만 장중 2700선 돌파...연중 최고치(상보)",이데일리,https://n.news.naver.com/mnews/article/018/0006026299
2025.05.29 10:04,"코스피, 9개월만 장중 2700선 돌파… 엔비디아 훈풍에 '활짝'",머니S,https://n.news.naver.com/mnews/article/417/0001079947
2025.05.29 10:02,"코스피, 9개월만 장중 2700선 돌파···미국發 훈풍 이어져 [투자3...",헤럴드경제,https://n.news.naver.com/mnews/article/016/0002478021
2025.05.29 09:47,"코스피, 9개월 만에 2,700선 회복…엔비디아 호실적·미국 관세 제...",매일신문,https://n.news.naver.com/mnews/article/088/0000950494
2025.05.29 10:01,코스피 장중 2700 돌파…지난해 8월 이후 처음,노컷뉴스,https://n.news.naver.com/mnews/article/079/0004029553
2025.05.29 09:57,사진·영상에 빠진 MZ세대라면…'갤럭시 AI 편집 기능' 필요,머니S,https://n.news.naver.com/mnews/article/417/0001079940
2025.05.29 09:37,"""별게 다 되네"" MZ들 푹 빠진 갤럭시 AI 편집 기능 보니",비즈워치,https://n.news.naver.com/mnews/article/648/0000036585
2025.05.29 09:51,“얘는 사기만 하면 오르네”…집 살때마다 돈 버는 친구의 매수 비법.....,매일경제,https://n.news.naver.com/mnews/article/009/0005500461
2025.05.29 09:51,"신세계百, 노스페이스와 협력…‘착한 소비’ 독려",이데일리,https://n.news.naver.com/mnews/article/018/0006026278
2025.05.29 09:51,"퀄컴, 롯데하이마트에 '스냅드래곤 X 시리즈 PC존' 오픈",지디넷코리아,https://n.news.naver.com/mnews/article/092/0002376198
2025.05.29 09:40,"퀄컴, 국내 첫 '스냅드래곤X 시리즈 PC존' 오픈",아이뉴스24,https://n.news.naver.com/mnews/article/031/0000936260
2025.05.29 09:51,"퀄컴, 롯데하이마트에 '스냅드래곤 X 시리즈 PC존' 오픈",지디넷코리아,https://n.news.naver.com/mnews/article/092/0002376198
2025.05.29 09:40,"퀄컴, 국내 첫 '스냅드래곤X 시리즈 PC존' 오픈",아이뉴스24,https://n.news.naver.com/mnews/article/031/0000936260
2025.05.29 09:47,"""평일 저녁도 빨래부담 無"" 삼성, 비스포크 AI 콤보가 바꾼 일상",데일리안,https://n.news.naver.com/mnews/article/119/0002962351
2025.05.29 09:29,일체형 세탁건조기 '세탁 문화' 바꿨다…구매자 53% 평일 저녁 세탁,뉴스1,https://n.news.naver.com/mnews/article/421/0008281089
2025.05.29 09:47,“젠슨 황이 사랑한다” 극진한 대접 ‘이 회사’…엔비디아 好실적에...,헤럴드경제,https://n.news.naver.com/mnews/article/016/0002477991
2025.05.29 09:47,"코스피, 9개월 만에 2,700선 회복…엔비디아 호실적·미국 관세 제동...",매일신문,https://n.news.naver.com/mnews/article/088/0000950494
2025.05.29 09:39,"코스피, 엔비디아 호실적·트럼프 관세 제동에 2,700선 회복(종합)",연합뉴스,https://n.news.naver.com/mnews/article/001/0015418482
2025.05.29 09:42,"“맥북, 아이폰 이어 3번째 핵심 기기”…오픈AI ‘소형 AI 기기’ ...",헤럴드경제,https://n.news.naver.com/mnews/article/016/0002477984
2025.05.29 07:00,"오픈AI ""화면없는 AI 기기 내년 출시""…하드웨어 생태계 도전장",뉴스1,https://n.news.naver.com/mnews/article/421/0008280605
2025.05.29 09:39,[오늘장 탑픽] K-제약·바이오 빛 볼까…주요 내용은?,SBS Biz,https://n.news.naver.com/mnews/article/374/0000443179
2025.05.29 09:39,"삼성전자서비스, 친환경 '디스플레이 단품 수리' 확대",데일리안,https://n.news.naver.com/mnews/article/119/0002962341
2025.05.29 08:24,"삼성전자서비스, 친환경 서비스 '디스플레이 단품 수리' 확대",이데일리,https://n.news.naver.com/mnews/article/018/0006026102
2025.05.29 09:39,"코스피, 2,700선 안착 '시도'…기관, 매집",한국경제TV,https://n.news.naver.com/mnews/article/215/0001210896
2025.05.29 09:38,[증시타임] 엔비디아 1분기 매출 440.6억·순이익 188억 달러,SBS Biz,https://n.news.naver.com/mnews/article/374/0000443177
2025.05.29 09:37,"코스피, 엔비디아 호실적에 2690선 상승 출발···환율은 3.5원↑",더팩트,https://n.news.naver.com/mnews/article/629/0000394128
2025.05.29 09:38,[증시타임] 엔비디아 1분기 매출 440.6억·순이익 188억 달러,SBS Biz,https://n.news.naver.com/mnews/article/374/0000443177
2025.05.29 09:37,"코스피, 엔비디아 호실적에 2690선 상승 출발···환율은 3.5원↑",더팩트,https://n.news.naver.com/mnews/article/629/0000394128
2025.05.29 09:37,"""별게 다 되네"" MZ들 푹 빠진 갤럭시 AI 편집 기능 보니",비즈워치,https://n.news.naver.com/mnews/article/648/0000036585
2025.05.29 09:35,"AI반도체부터 신재생에너지·금융·건설까지…삼성자산운용, 대선공약...",헤럴드경제,https://n.news.naver.com/mnews/article/016/0002477971
2025.05.29 09:25,"“대선 공약 수혜 KODEX ETF는 이것”…삼성운용, 로드맵 공개",이데일리,https://n.news.naver.com/mnews/article/018/0006026230
2025.05.29 09:33,‘기업 맞춤’ 클라우드 관제센터… 데이터 저장·전송 ‘완벽 보안’...,문화일보,https://n.news.naver.com/mnews/article/021/0002712746
2025.05.29 09:33,"삼성전자서비스, 폴더블폰 디스플레이 단품 수리 센터 확대…""전국 15....",디지털데일리,https://n.news.naver.com/mnews/article/138/0002197562
2025.05.29 09:30,"삼성전자서비스, 폴더블폰 디스플레이 단품 수리센터 확대",디지털타임스,https://n.news.naver.com/mnews/article/029/0002958122
2025.05.29 09:33,고온·고압 ‘무균화 제조’ 기술… ‘방부제 없는 즉석밥’ 수출 확...,문화일보,https://n.news.naver.com/mnews/article/021/0002712745
2025.05.29 09:30,"‘방어력 甲’ 엔비디아, ‘對中 수출 통제’에도 예상 실적 상회…三.....",헤럴드경제,https://n.news.naver.com/mnews/article/016/0002477962
2025.05.29 09:29,[특징주] 엔비디아 ‘깜짝실적’에 SK하이닉스 강세,조선비즈,https://n.news.naver.com/mnews/article/366/0001081065
2025.05.29 09:17,[특징주] 엔비디아 호실적에 SK하이닉스 강세…삼성전자 강보합,연합뉴스,https://n.news.naver.com/mnews/article/001/0015418368
2025.05.29 09:29,일체형 세탁건조기 '세탁 문화' 바꿨다…구매자 53% 평일 저녁 세탁,뉴스1,https://n.news.naver.com/mnews/article/421/0008281089
2025.05.29 09:28,"""빨래 몰아서 할 필요 없어요""…'꿈의 가전'에 반응 폭발",한국경제,https://n.news.naver.com/mnews/article/015/0005138061
2025.05.29 09:29,[특징주] 엔비디아 ‘깜짝실적’에 SK하이닉스 강세,조선비즈,https://n.news.naver.com/mnews/article/366/0001081065
2025.05.29 09:17,[특징주] 엔비디아 호실적에 SK하이닉스 강세…삼성전자 강보합,연합뉴스,https://n.news.naver.com/mnews/article/001/0015418368
2025.05.29 09:28,"""빨래 몰아서 할 필요 없어요""…'꿈의 가전'에 반응 폭발",한국경제,https://n.news.naver.com/mnews/article/015/0005138061
2025.05.29 09:22,"삼성전자, '비스포크 AI 콤보' 출시 1년…""맞벌이 53%, 평일 ...",디지털데일리,https://n.news.naver.com/mnews/article/138/0002197561
2025.05.29 09:26,美 증시 하락에도…기관·외국인 매수세에 상승 출발한 코스피,머니투데이,https://n.news.naver.com/mnews/article/008/0005200868
2025.05.29 09:25,"“대선 공약 수혜 KODEX ETF는 이것”…삼성운용, 로드맵 공개",이데일리,https://n.news.naver.com/mnews/article/018/0006026230
2025.05.29 09:23,중대재해법 대표이사 구속 늘어...기업 화재 예방 투자 확대,파이낸셜뉴스,https://n.news.naver.com/mnews/article/014/0005356284
2025.05.29 09:22,"코스피·코스닥 동반 상승 출발…미 법원, 트럼프 관세에 제동",이데일리,https://n.news.naver.com/mnews/article/018/0006026227
2025.05.29 09:21,"[게시판] 퀄컴, 롯데하이마트 용산아이파크에 '스냅드래곤 X PC존'",연합뉴스,https://n.news.naver.com/mnews/article/001/0015418380
2025.05.29 09:17,"퀄컴, '스냅드래곤 X 시리즈 PC존' 롯데하이마트 용산 아이파크몰점...",파이낸셜뉴스,https://n.news.naver.com/mnews/article/014/0005356282
2025.05.29 09:20,엔비디아 서프라이즈에 SK하이닉스 2%↑…삼성전자는 하락,디지털타임스,https://n.news.naver.com/mnews/article/029/0002958118
2025.05.29 09:19,"[특징주] 삼성전자·SK하이닉스, 엔비디아發 훈풍에 상승",데일리안,https://n.news.naver.com/mnews/article/119/0002962302
2025.05.29 09:17,"SK하이닉스, 엔비디아 깜짝 실적에 21만원 돌파[핫종목]",뉴스1,https://n.news.naver.com/mnews/article/421/0008281006
2025.05.29 09:17,[특징주] 엔비디아 호실적에 SK하이닉스 강세…삼성전자 강보합,연합뉴스,https://n.news.naver.com/mnews/article/001/0015418368
2025.05.29 09:17,"퀄컴, '스냅드래곤 X 시리즈 PC존' 롯데하이마트 용산 아이파크몰점에...",파이낸셜뉴스,https://n.news.naver.com/mnews/article/014/0005356282
2025.05.29 09:17,"SK하이닉스, 엔비디아 깜짝 실적에 21만원 돌파[핫종목]",뉴스1,https://n.news.naver.com/mnews/article/421/0008281006
2025.05.29 09:16,"""엔비디아 깜짝 실적"" SK하이닉스 등 반도체株 훈풍[핫스탁]",뉴시스,https://n.news.naver.com/mnews/article/003/0013272659
2025.05.29 09:16,[서울데이터랩]개장 직후 인기 검색 종목 20選,서울신문,https://n.news.naver.com/mnews/article/081/0003545027
2025.05.29 09:16,"삼전·하이닉스, 엔비디아 호실적·美상호관세 제동에 동반 강세[특징...",이데일리,https://n.news.naver.com/mnews/article/018/0006026219
2025.05.29 09:14,"“꿈의 가전 사길 잘했네”...맞벌이 부부, 평일 저녁 빨래 부담 덜었...",매일경제,https://n.news.naver.com/mnews/article/009/0005500438
2025.05.29 09:13,"""개는 것만 남아""…삼성 '비스포크 AI 콤보' 빨래 혁명",뉴시스,https://n.news.naver.com/mnews/article/003/0013272652
2025.05.29 09:13,갤럭시 vs 아이폰…충성고객 소득 비교해 봤더니,지디넷코리아,https://n.news.naver.com/mnews/article/092/0002376174
2025.05.29 09:12,엔비디아 호실적에 코스피 2690선 상승 출발... 금통위 주목,조선비즈,https://n.news.naver.com/mnews/article/366/0001081055
2025.05.29 09:10,"메인비즈협회, ‘2025 메인비즈데이 부여포럼’ 개최",이데일리,https://n.news.naver.com/mnews/article/018/0006026201
2025.05.29 08:54,"메인비즈협회, '2025 메인비즈데이 부여포럼' 개최",아시아경제,https://n.news.naver.com/mnews/article/277/0005600022
2025.05.29 09:10,"메인비즈협회, ‘2025 메인비즈데이 부여포럼’ 개최",이데일리,https://n.news.naver.com/mnews/article/018/0006026201
2025.05.29 08:54,"메인비즈협회, '2025 메인비즈데이 부여포럼' 개최",아시아경제,https://n.news.naver.com/mnews/article/277/0005600022
2025.05.29 09:00,"“맞벌이 53%, 평일에 저녁 빨래”…삼성 일체형 세탁건조기 후기 보....",디지털타임스,https://n.news.naver.com/mnews/article/029/0002958106
2025.05.29 08:45,"일체형 세탁건조기 구매 맞벌이 59% ""평일저녁 빨래부담 덜었다""",연합뉴스,https://n.news.naver.com/mnews/article/001/0015418254
2025.05.29 09:00,"삼성전자, 친환경 폴더블폰 디스플레이 단품 수리 센터 확대",부산일보,https://n.news.naver.com/mnews/article/082/0001328122
2025.05.29 08:27,"삼성전자, '친환경' 폴더블폰 디스플레이 단품 수리 센터 확대",연합뉴스,https://n.news.naver.com/mnews/article/001/0015418196
2025.05.29 08:58,"이노테크, 코스닥 상장 본격화…예비심사 신청서 제출",헤럴드경제,https://n.news.naver.com/mnews/article/016/0002477918
2025.05.29 08:43,"이노테크, 코스닥 상장 예비심사 신청…상장 절차 본격화",뉴시스,https://n.news.naver.com/mnews/article/003/0013272541
2025.05.29 08:37,"""애플, OS 이름도 바꾼다…iOS 19→iOS 26""",지디넷코리아,https://n.news.naver.com/mnews/article/092/0002376162
2025.05.29 08:31,파인 다이닝 식탁 봤더니 '경악'…초슬림 삼성폰 '오감체험',한국경제,https://n.news.naver.com/mnews/article/015/0005138008
2025.05.29 08:30,"‘변동성도 최고치’ 오락가락 코스피에 개미, 편안한 저변동성 ETF 찾...",헤럴드경제,https://n.news.naver.com/mnews/article/016/0002477896
2025.05.29 08:28,[어제장 오늘장] 한은 금통위에 엔비디아 실적 발표까지…증시 영향은.....,SBS Biz,https://n.news.naver.com/mnews/article/374/0000443168
2025.05.29 08:24,"삼성전자서비스, 친환경 서비스 '디스플레이 단품 수리' 확대",이데일리,https://n.news.naver.com/mnews/article/018/0006026102
2025.05.29 08:24,삼성전자 ‘20년 무차입’ 포기 12.5조 대출 약정…하이일드채권 8....,서울경제,https://n.news.naver.com/mnews/article/011/0004491069
2025.05.29 08:14,"""국고채 수준 2%대 금리 매력"" 삼성전자, 추가 차입 나서나…이재명...",서울경제,https://n.news.naver.com/mnews/article/011/0004491063
2025.05.29 08:33,"“맞벌이, 빨래로 부부싸움할 일 없어요”…삼성 ‘비스포크 AI 콤보’....",헤럴드경제,https://n.news.naver.com/mnews/article/016/0002477902
2025.05.29 08:32,"이노테크, 예심 신청서 제출…코스닥 상장 본격화",이데일리,https://n.news.naver.com/mnews/article/018/0006026116
2025.05.29 08:31,파인 다이닝 식탁 봤더니 '경악'…초슬림 삼성폰 '오감체험',한국경제,https://n.news.naver.com/mnews/article/015/0005138008
2025.05.29 08:30,"‘변동성도 최고치’ 오락가락 코스피에 개미, 편안한 저변동성 ETF 찾...",헤럴드경제,https://n.news.naver.com/mnews/article/016/0002477896
2025.05.29 08:28,[어제장 오늘장] 한은 금통위에 엔비디아 실적 발표까지…증시 영향은.....,SBS Biz,https://n.news.naver.com/mnews/article/374/0000443168
2025.05.29 08:27,"삼성전자, '친환경' 폴더블폰 디스플레이 단품 수리 센터 확대",연합뉴스,https://n.news.naver.com/mnews/article/001/0015418196
2025.05.29 08:22,"삼성전자서비스, '폴더블폰 디스플레이 단품 수리' 확대",아시아경제,https://n.news.naver.com/mnews/article/277/0005599985
2025.05.29 08:24,삼성전자 ‘20년 무차입’ 포기 12.5조 대출 약정…하이일드채권 8....,서울경제,https://n.news.naver.com/mnews/article/011/0004491069
2025.05.29 08:14,"""국고채 수준 2%대 금리 매력"" 삼성전자, 추가 차입 나서나…이재명...",서울경제,https://n.news.naver.com/mnews/article/011/0004491063
2025.05.29 08:24,"삼성전자서비스, 친환경 서비스 '디스플레이 단품 수리' 확대",이데일리,https://n.news.naver.com/mnews/article/018/0006026102
2025.05.29 08:24,"""차세대 무기로 ‘해양 평정’"" 무인 신기술 쏟아낸 K방산…유니콘 키....",서울경제,https://n.news.naver.com/mnews/article/011/0004491068
2025.05.29 08:23,"[기업이슈] 머스크 ""회사에 집중"" 발언에 테슬라, 이차전지 강세",SBS Biz,https://n.news.naver.com/mnews/article/374/0000443166
2025.05.29 08:22,"삼성전자서비스, ‘폴더블폰 디스플레이 단품 수리’ 158곳으로 확대",헤럴드경제,https://n.news.naver.com/mnews/article/016/0002477889
2025.05.29 08:22,"삼성전자서비스, '폴더블폰 디스플레이 단품 수리' 확대",아시아경제,https://n.news.naver.com/mnews/article/277/0005599985
2025.05.29 08:14,"""국고채 수준 2%대 금리 매력"" 삼성전자, 추가 차입 나서나…이재명,...",서울경제,https://n.news.naver.com/mnews/article/011/0004491063
2025.05.29 08:04,삼전 1%·SK하닉 2% 프리마켓서 강세…엔비디아 호실적 훈풍타나,디지털타임스,https://n.news.naver.com/mnews/article/029/0002958078
2025.05.29 08:03,"""AI가 AI를 만드는 시대, 중요한 것은 ‘데이터’""…사직전공의 추가...",서울경제,https://n.news.naver.com/mnews/article/011/0004491060
2025.05.29 08:01,[마켓뷰] 반도체株 엔비디아 호실적 업고 더 갈까…금통위 주목,연합뉴스,https://n.news.naver.com/mnews/article/001/0015418134
2025.05.29 07:53,조선株 순항에…HD현대그룹 시총 100조 육박,SBS Biz,https://n.news.naver.com/mnews/article/374/0000443161
2025.05.29 05:02,'시가총액 100조 클럽' 눈 앞에 둔 HD현대…조선株 영향[이런국장...,서울경제,https://n.news.naver.com/mnews/article/011/0004490985
2025.05.29 07:51,"""유증 중점심사 14건 중 12건이 한계기업""…""ESG 직무 신설"" 토...",서울경제,https://n.news.naver.com/mnews/article/011/0004491055
2025.05.29 07:50,[애프터마켓 리뷰] '머스크 복귀' 테슬라 급등에…'2차전지株' 불기둥,SBS Biz,https://n.news.naver.com/mnews/article/374/0000443159
2025.05.29 07:48,"""피지컬AI는 이제 시작, 한국도 기회 있다""…""5년새 4배 성장"" 신...",서울경제,https://n.news.naver.com/mnews/article/011/0004491053
2025.05.29 07:48,"[비즈 나우] 엔비디아, 호실적에도 웃지 못한 이유…中 규제 뼈아팠다",SBS Biz,https://n.news.naver.com/mnews/article/374/0000443157
2025.05.29 07:48,"""피지컬AI는 이제 시작, 한국도 기회 있다""…""5년새 4배 성장"" 신...",서울경제,https://n.news.naver.com/mnews/article/011/0004491053
2025.05.29 07:37,"""한국 AI 반도체 앞으로 나아가려면 '연합전선' 구축 필수"" [SFF...",시사저널,https://n.news.naver.com/mnews/article/586/0000104330
2025.05.29 07:31,"""10조 안팎 차입 약정"" 삼성전자, 4대 은행에 마통 열었다…트럼프 ...",서울경제,https://n.news.naver.com/mnews/article/011/0004491049
2025.05.29 07:30,"삼성카드, '삼성 iD STATION 카드'",한국일보,https://n.news.naver.com/mnews/article/469/0000867381
2025.05.29 07:30,"대폭 물갈이한 밸류업지수, 밸류업 견인할까",비즈워치,https://n.news.naver.com/mnews/article/648/0000036574
2025.05.29 07:28,‘중국 수출 통제’에도 선방한 엔비디아···실적 타격은 지속,경향신문,https://n.news.naver.com/mnews/article/032/0003372724
2025.05.29 07:26,"[마켓 프리뷰] 코스피, 2670대 '껑충' 연고점 경신…코스닥 강보합",SBS Biz,https://n.news.naver.com/mnews/article/374/0000443147
2025.05.29 07:10,[산업 리그테이블]④LG그룹 '전통강자' 대신 '신성장축' 떴다,비즈워치,https://n.news.naver.com/mnews/article/648/0000036573
2025.05.29 07:00,"관세 '반짝 효과'…메모리 가격상승, 3분기엔 '먹구름'",뉴시스,https://n.news.naver.com/mnews/article/003/0013272276
2025.05.29 07:00,"오픈AI ""화면없는 AI 기기 내년 출시""…하드웨어 생태계 도전장",뉴스1,https://n.news.naver.com/mnews/article/421/0008280605
2025.05.29 06:50,"""머스크가 돌아왔다""…2년 웅크린 이차전지株 기지개",아시아경제,https://n.news.naver.com/mnews/article/277/0005599920
2025.05.29 06:50,코스피 이어 코스닥도 시총 5위 경쟁 점화,아시아경제,https://n.news.naver.com/mnews/article/277/0005599919
2025.05.29 06:50,[한국 떠나는 미래 유니콘]②'떡잎부터' 떠날 고민하는 스타트업,아시아경제,https://n.news.naver.com/mnews/article/277/0005599922
2025.05.29 06:49,"""빚내서 세금 낸다""…작년 美 주식 팔아 '돈방석' 올해는 '세금폭탄'",뉴스1,https://n.news.naver.com/mnews/article/421/0008280592
2025.05.29 06:35,삼성 없는 온디바이스 AI?…반쪽 협력망 우려,디지털타임스,https://n.news.naver.com/mnews/article/029/0002958072
2025.05.29 06:30,"삼성 이재용이 선택한 미래 동력, LG 따라잡을 수 있을까",일간스포츠,https://n.news.naver.com/mnews/article/241/0003440805
2025.05.29 06:24,드디어 아이폰도 배터리 충전시간 표시되나 [모닝폰],이데일리,https://n.news.naver.com/mnews/article/018/0006026046
2025.05.29 06:23,"[단독] ""새 정부 보폭 맞추기""…대관에 사활 거는 쿠팡·배민",뉴스1,https://n.news.naver.com/mnews/article/421/0008280537
2025.05.29 06:20,삼성 투자 '아라리스' 차세대 ADC 개발 글로벌 협력 확대,뉴스1,https://n.news.naver.com/mnews/article/421/0008280535
2025.05.29 06:10,“그때 샀으면 지금 얼마냐”…10년새 시총 6배 가까이 올랐다는 HD현...,매일경제,https://n.news.naver.com/mnews/article/009/0005500378
2025.05.29 06:01,"3나노는 TSMC에 고배, 5나노는 中 추격… 흔들리는 삼성 파운드리",조선비즈,https://n.news.naver.com/mnews/article/366/0001081020
2025.05.29 06:01,삼성 이어 정부까지 중고폰 인증 나섰다… ‘정보 유출 우려’ 해소로.....,조선비즈,https://n.news.naver.com/mnews/article/366/0001081025
2025.05.29 06:01,"'엑시노스 탑재' 갤Z플립7, Z폴드7과 성능 차이 논란 불거질까 [1...",파이낸셜뉴스,https://n.news.naver.com/mnews/article/014/0005356211
2025.05.29 05:29,"'대륙의 늑대' 샤오미, 애플 제쳤다…4년만에 1위 탈환",머니투데이,https://n.news.naver.com/mnews/article/008/0005200766
2025.05.29 05:05,삼성전자 ‘냉매 없는 냉장고’ 세계적 학술지 게재,서울신문,https://n.news.naver.com/mnews/article/081/0003544996
2025.05.29 03:03,"삼성, 존스홉킨스대와 ‘냉매 없는 냉장고’ 실증",동아일보,https://n.news.naver.com/mnews/article/020/0003638055
2025.05.29 05:02,"[이코노 브리핑] KB, 만 12세 이상 대상 ‘틴업 체크카드’ 출시 ...",세계일보,https://n.news.naver.com/mnews/article/022/0004039244
2025.05.29 05:02,'시가총액 100조 클럽' 눈 앞에 둔 HD현대…조선株 영향[이런국장 ...,서울경제,https://n.news.naver.com/mnews/article/011/0004490985
2025.05.29 04:30,머니투데이 오프라인 헤드라인-29일,머니투데이,https://n.news.naver.com/mnews/article/008/0005200746
2025.05.29 03:02,"中, 화웨이 자체 OS 노트북 등 ‘기술 굴기’… ‘반도체 초격차’ 위...",동아일보,https://n.news.naver.com/mnews/article/020/0003638046
2025.05.29 01:12,"ASML, 11개월 만에 시총서 178조원 증발…대중 수출통제·관세 여...",블로터,https://n.news.naver.com/mnews/article/293/0000067942
2025.05.29 01:12,"ASML, 11개월 만에 시총서 178조원 증발…대중 수출통제·관세 여...",블로터,https://n.news.naver.com/mnews/article/293/0000067942
2025.05.29 00:35,100만원 넘는 ‘황제주의 저주’를 아시나요,조선일보,https://n.news.naver.com/mnews/article/023/0003907959
2025.05.29 00:01,"‘캐시카우 경쟁’ 치열한 파운드리…삼성, 닌텐도 잡았다",중앙일보,https://n.news.naver.com/mnews/article/025/0003444239
2025.05.28 23:16,‘피사의 사탑’ 세워버린 비스포크 청소기?,세계일보,https://n.news.naver.com/mnews/article/022/0004039230
2025.05.28 23:03,"삼성전자, 産銀서 2조 대출",매일경제,https://n.news.naver.com/mnews/article/009/0005500354
2025.05.28 19:58,"삼성전자, 産銀서 첫 2조 대출",한국경제,https://n.news.naver.com/mnews/article/015/0005137928
2025.05.28 22:21,"“115만원→35만원, 역대급 ‘할인’ 대란 터졌다” 삼성 최고폰, 먼...",헤럴드경제,https://n.news.naver.com/mnews/article/016/0002477809
2025.05.28 20:44,"삼성전자, ‘냉매 없는 냉장고’ 상용화 개척",경향신문,https://n.news.naver.com/mnews/article/032/0003372665
2025.05.28 18:01,환경 문제 걱정 덜 '차세대 냉장고' 상용화 가까워졌다,한국일보,https://n.news.naver.com/mnews/article/469/0000867304
2025.05.28 19:58,"코스피, 2670대 상승 마감…장중 연고점 경신",TV조선,https://n.news.naver.com/mnews/article/448/0000530914
2025.05.28 19:07,"조선 호황에…HD현대그룹, 장중 시가총액 100조 돌파",아시아경제,https://n.news.naver.com/mnews/article/277/0005599858
2025.05.28 18:51,조선株 순항에…HD현대그룹 시가총액 100조원 육박,연합뉴스,https://n.news.naver.com/mnews/article/001/0015417537
2025.05.28 18:58,"삼성메디슨, 美의료기기 업체에 지분투자…""초음파 진단기기 공동개발...",서울경제,https://n.news.naver.com/mnews/article/011/0004490920
2025.05.28 17:45,"삼성메디슨, 美의료기기 업체와 동맹",한국경제,https://n.news.naver.com/mnews/article/015/0005137827
2025.05.28 18:58,"삼성메디슨, 美의료기기 업체에 지분투자…""초음파 진단기기 공동개발...",서울경제,https://n.news.naver.com/mnews/article/011/0004490920
2025.05.28 17:45,"삼성메디슨, 美의료기기 업체와 동맹",한국경제,https://n.news.naver.com/mnews/article/015/0005137827
2025.05.28 18:51,조선株 순항에…HD현대그룹 시가총액 100조원 육박,연합뉴스,https://n.news.naver.com/mnews/article/001/0015417537
2025.05.28 18:48,"장덕현 삼성전기 ""올해 안에 유리기판 시제품 라인 가동""",아이뉴스24,https://n.news.naver.com/mnews/article/031/0000936151
2025.05.28 17:58,장덕현 삼성전기 대표 “유리기판 시제품 곧 생산...연내 2~3개사 ...,전자신문,https://n.news.naver.com/mnews/article/030/0003316896
2025.05.28 18:41,"매출채권 할인보다 대출이 유리…삼성전자, 조달 창구 다변화로 비용...",서울경제,https://n.news.naver.com/mnews/article/011/0004490916
2025.05.28 17:45,"[단독]삼성전자, 4대 은행에 마통 열었다",서울경제,https://n.news.naver.com/mnews/article/011/0004490850
2025.05.28 18:31,"""AI가 AI를 만드는 시대…무엇보다 중요한 것은 '데이터'"" [서울포...",서울경제,https://n.news.naver.com/mnews/article/011/0004490914
2025.05.28 18:29,수출비중 높은 SK·현대차·한화 날았다,한국경제,https://n.news.naver.com/mnews/article/015/0005137892
2025.05.28 18:28,"""이제 테슬라 대신 삼성전자에 장기투자""",한국경제,https://n.news.naver.com/mnews/article/015/0005137889
2025.05.28 18:28,"[삼성바이오 인적분할] 공격적 M&A 예고한 삼성에피스홀딩스, 자금조....",블로터,https://n.news.naver.com/mnews/article/293/0000067941
2025.05.28 18:26,중·고가 스마트폰 집중한 삼성… 중동서 계속 선두,파이낸셜뉴스,https://n.news.naver.com/mnews/article/014/0005356134
2025.05.28 15:21,"삼성, 1Q 중동·아프리카 스마트폰 시장 선두.. 라인업 간소화 주효",파이낸셜뉴스,https://n.news.naver.com/mnews/article/014/0005355989
2025.05.28 18:14,'메이슨 배상금' 예비비 946억 투입,파이낸셜뉴스,https://n.news.naver.com/mnews/article/014/0005356108
2025.05.28 18:12,SK하이닉스 사고 삼성전자 파는 외국인,파이낸셜뉴스,https://n.news.naver.com/mnews/article/014/0005356105
2025.05.28 16:06,'삼전'서 'SK하닉'으로...외인 머니무브 가속화,파이낸셜뉴스,https://n.news.naver.com/mnews/article/014/0005356019
2025.05.28 18:11,"美 스마트폰 관세 우려에…삼성전기 사장 ""공급망 재편도 고려""",SBS Biz,https://n.news.naver.com/mnews/article/374/0000443084
2025.05.28 18:09,美스마트폰 관세 우려에…삼성전기 장덕현 “공급망 재편도 고려”,서울신문,https://n.news.naver.com/mnews/article/081/0003544890
2025.05.28 18:08,[박대기의 핫클립] 연필이냐 팔이냐…격전지 된 청소기 시장,KBS,https://n.news.naver.com/mnews/article/056/0011960436
2025.05.28 18:05,툰스퀘어 코스닥 상장 준비...삼성증권 주관사 선정,지디넷코리아,https://n.news.naver.com/mnews/article/092/0002376132
2025.05.28 17:46,"AI 기반 콘텐츠 플랫폼 기업 툰스퀘어, 삼성증권과 함께 코스닥 상장...",한국경제TV,https://n.news.naver.com/mnews/article/215/0001210850
2025.05.28 18:01,"머스크 ""일에 집중"" 한마디에…엘앤에프 16%·LG엔솔 6%↑",한국경제,https://n.news.naver.com/mnews/article/015/0005137854
2025.05.28 16:54,'일론 머스크' 뭐라고 했길래…'이게 웬일이야' 개미들 환호,한국경제,https://n.news.naver.com/mnews/article/015/0005137759
2025.05.28 18:01,환경 문제 걱정 덜 '차세대 냉장고' 상용화 가까워졌다,한국일보,https://n.news.naver.com/mnews/article/469/0000867304
2025.05.28 17:58,"[팩토리 팝콘] ""냉매 없이도 시원""…삼성 '신무기' 기대되네",매일경제,https://n.news.naver.com/mnews/article/009/0005500260
2025.05.28 18:00,홍콩서 ‘삼전 레버리지 ETF’ 상장 첫날 8% 급등…곱버스는 ‘뚝’,이데일리,https://n.news.naver.com/mnews/article/018/0006025906
2025.05.28 17:55,삼성전자 2배 베팅 ETF 홍콩 거래소에 첫 상장,매일경제,https://n.news.naver.com/mnews/article/009/0005500243
2025.05.28 18:00,HD현대그룹 시총 '100조원 시대',한국경제,https://n.news.naver.com/mnews/article/015/0005137852
2025.05.28 17:58,장덕현 삼성전기 대표 “유리기판 시제품 곧 생산...연내 2~3개사 공...,전자신문,https://n.news.naver.com/mnews/article/030/0003316896
2025.05.28 17:58,"""AI시대 문제해결능력 키워야""",매일경제,https://n.news.naver.com/mnews/article/009/0005500256
